Yr Built or Remod,Overall Qual Sq,Garage Total,SQRT 1st SQ,Overall Qual Living Area
3961880,36,950.0,26.92582403567252,8874
3986012,49,1118.0,30.215889859476256,14854
3919671,25,246.0,32.51153641401772,5285
4026042,25,800.0,27.27636339397171,7220
3786700,36,968.0,28.827070610799147,8670
3935932,36,1156.0,43.45112196480086,11328
4022030,36,1050.0,32.7414110874898,6432
3837681,25,1062.0,34.46737587922817,5940
3810304,25,420.0,30.397368307141328,4620
3876961,25,1008.0,32.2490309931942,10400
3884841,36,264.0,21.97726097583591,5922
4020025,49,1264.0,34.75629439396553,8456
3773160,25,1152.0,35.888716889852724,10080
3998000,64,960.0,31.016124838541646,12856
4028049,49,1220.0,36.89173349139343,9527
4018020,25,1248.0,37.815340802378074,7150
3736200,25,1539.0,24.979991993593593,6720
3853369,25,960.0,33.481338085566414,5605
3908529,36,1056.0,35.84689665786984,7710
4036081,49,1228.0,27.640549922170507,10829
3873024,25,900.0,29.899832775452108,4470
4000000,64,998.0,40.7308237088326,13272
4022030,64,1150.0,34.77067730142742,18024
3997944,36,840.0,34.45286635390443,7122
3822025,25,1144.0,32.49615361854384,5280
3845521,36,1060.0,38.118237105091836,8718
3947685,25,336.0,29.899832775452108,4470
3864315,25,240.0,35.566838487557476,9690
3801370,25,0.0,32.155870381627054,9955
3909694,25,1152.0,25.92296279363144,4620
3924361,64,1084.0,50.23942674832188,20192
3761550,64,800.0,28.142494558940577,12136
3982020,64,962.0,38.65229618017538,11952
3810304,36,820.0,30.789608636681304,5688
4030056,64,2478.0,41.44876355212541,13744
3833764,36,384.0,33.793490497431605,6852
3908529,25,336.0,30.4138126514911,7375
3908529,36,1092.0,42.941821107167776,11064
3892729,49,1056.0,35.24202037341219,8694
3976036,25,384.0,31.464265445104548,4950
3861225,25,276.0,35.4400902933387,6280
4024036,100,2550.0,45.56314299957807,20760
3912484,25,1204.0,33.31666249791537,5550
3818116,25,352.0,32.4037034920393,8975
3861225,25,384.0,32.2490309931942,5200
3773250,64,1572.0,31.352830813181765,14984
3804360,25,1320.0,31.368774282716245,8020
3862000,49,270.0,29.171904291629644,10514
3818116,25,280.0,32.60368077380221,5315
4014012,49,948.0,27.640549922170507,11382
4000000,36,880.0,27.712812921102035,9144
3759600,16,1152.0,36.4417343165772,7924
3912484,49,1128.0,37.30951621235526,19488
3880900,16,0.0,23.366642891095847,4368
3806401,36,800.0,39.68626966596886,9450
3876961,36,299.0,25.748786379167466,8112
4018020,49,960.0,24.49489742783178,8400
3859150,25,240.0,30.59411708155671,4680
3814209,36,293.0,32.2490309931942,6240
3984016,36,772.0,30.265491900843113,9816
4011993,64,2013.0,34.11744421846396,18160
4028049,64,1100.0,34.40930106817051,20880
3955977,49,1380.0,38.50973902793941,10381
3744000,25,225.0,30.983866769659336,8700
3822025,25,350.0,37.17526059088221,6910
4028049,25,0.0,33.46640106136302,5600
3850350,49,216.0,23.811761799581316,7686
4016016,49,760.0,31.240998703626616,11956
4024036,81,2529.0,42.44997055358225,16218
4020025,49,880.0,38.80721582386451,10542
4038090,49,1144.0,38.8329756778952,10556
3986012,49,2358.0,45.077710678338576,14224
3837681,36,1078.0,34.55430508634199,7164
4016016,49,760.0,31.144823004794873,11963
4020025,49,2502.0,40.19950248448356,11312
3763500,36,880.0,27.712812921102035,4608
3751800,25,322.0,29.5296461204668,4360
3757650,16,240.0,22.80350850198276,2080
3841600,25,960.0,33.24154027718932,11370
3855775,25,0.0,30.59411708155671,8005
3724500,25,960.0,24.819347291981714,6160
4034072,81,3498.0,47.265209192385896,20106
3734250,25,2160.0,29.597297173897484,7080
3953826,16,1152.0,29.393876913398138,3456
3988009,36,784.0,34.48187929913333,7134
4024036,81,1150.0,40.8166632639171,14994
4012009,49,1110.0,34.64101615137755,8400
3912000,25,252.0,30.463092423455635,4640
3876961,25,1004.0,36.55133376499413,6680
4016016,49,960.0,24.49489742783178,8400
3876961,36,1032.0,37.77565353504821,8562
3995992,49,1216.0,34.813790371058424,13944
3976036,49,990.0,27.459060435491963,10780
3916441,25,800.0,39.179076048319466,7675
3857296,25,968.0,33.94112549695428,5760
4026042,64,968.0,33.926390907374746,9208
3841600,36,960.0,33.734255586866,6828
3825936,25,792.0,32.77193921634788,5370
4020025,81,1112.0,39.50949253027682,14049
3980025,64,2175.0,36.851051545376556,21808
4016016,81,2010.0,43.40506882842141,16956
3843840,16,0.0,24.596747752497688,2420
3965832,64,1100.0,40.87786687193939,13368
3705000,9,0.0,28.231188426986208,2391
4006002,36,1120.0,28.35489375751565,11766
3888784,25,1002.0,34.539832078341085,5965
4000000,49,980.0,25.942243542145693,9674
3736200,36,216.0,40.792156108742276,15156
3829849,36,1100.0,37.282703764614496,8340
4012009,49,948.0,27.640549922170507,11382
3781050,25,800.0,29.46183972531247,7790
3876880,25,286.0,37.70941526992961,7110
3844560,25,720.0,33.58571124749333,7865
3849444,36,880.0,33.406586176980134,6696
3796650,4,0.0,25.69046515733026,1320
3952044,36,958.0,41.31585652022719,10242
3837681,25,1056.0,38.28837943815329,7330
4000000,81,990.0,40.47221268969612,14742
3841600,25,1252.0,41.48493702538308,8605
3988009,36,940.0,30.463092423455635,10584
3819860,25,0.0,31.559467676119,4980
3825936,25,304.0,34.66987164671943,6010
3845521,25,1144.0,31.432467291003423,4940
3757650,25,720.0,32.0624390837628,5140
3796650,25,240.0,26.832815729997478,6420
3908529,81,2592.0,39.98749804626441,26496
4016016,64,806.0,26.589471600616662,11312
3844680,49,1737.0,30.967725134404045,11263
3990006,36,800.0,28.513154858766505,9150
3869089,25,288.0,33.04542328371661,8280
3908529,49,880.0,32.48076353782343,7385
3889634,25,1440.0,26.0,6760
3908529,36,880.0,29.24038303442689,8736
3972049,64,946.0,41.46082488325576,13752
3753750,25,0.0,29.393876913398138,4320
3892729,36,264.0,21.97726097583591,5922
3742500,25,0.0,27.92848008753788,5100
4024036,64,1254.0,39.42080668885405,12432
4024036,100,2274.0,39.08964057138413,33900
3841208,36,0.0,27.92848008753788,9360
3806401,16,800.0,29.393876913398138,3456
4000000,36,862.0,31.74901573277509,11334
3943620,25,260.0,32.2490309931942,5200
3904092,25,366.0,34.23448553724738,5860
4040100,64,2556.0,37.656340767525464,11344
3765450,36,560.0,30.967725134404045,8202
4012009,49,1344.0,22.24859546128699,13454
3924361,36,1152.0,37.70941526992961,8532
4000000,49,972.0,31.38470965295043,12894
3734250,16,1144.0,29.79932885150268,7848
3939864,25,1312.0,33.46640106136302,5600
4022030,81,2148.0,44.63182720884279,25812
3829849,36,884.0,38.44476557348217,8868
3982020,49,1220.0,30.822070014844883,13965
3886630,25,297.0,30.199337741083,4560
4020025,36,776.0,36.41428291206625,7956
3948169,64,922.0,34.698703145794944,9632
3857296,36,884.0,28.24889378365107,9666
3880900,16,1152.0,30.983866769659336,3840
3906172,25,447.0,35.156791662493895,6180
3849426,25,1152.0,37.62977544445356,7080
3952144,49,1238.0,30.757112998459398,13111
3747900,25,0.0,32.984845004941285,10640
4014012,49,948.0,27.640549922170507,11382
3829849,25,308.0,28.5657137141714,4080
3904576,25,336.0,23.15167380558045,5560
3755700,49,288.0,23.916521486202797,7777
3912484,36,880.0,29.24038303442689,8646
3784950,16,280.0,25.92296279363144,3696
3936256,25,1012.0,33.555923471125034,5630
3818116,25,319.0,31.496031496047245,4960
3744000,36,1152.0,27.422618401604176,8256
4038090,49,1352.0,34.899856733230294,8526
3874290,25,312.0,29.79932885150268,8220
3912484,49,956.0,40.01249804748511,11207
3778110,49,684.0,36.235341863986875,17465
4010006,36,786.0,28.407745422683583,9054
3849444,25,288.0,33.04542328371661,5460
3974042,49,2949.0,36.40054944640259,16926
3884841,36,264.0,21.97726097583591,5922
4014012,16,880.0,33.481338085566414,4484
3906172,36,1846.0,35.156791662493895,7416
3900625,25,990.0,32.77193921634788,5370
3810304,1,974.0,27.073972741361768,733
4012009,49,1086.0,29.732137494637012,12376
4020025,49,906.0,35.58089374931439,8862
3984000,64,1082.0,46.14108798023731,22976
4028049,64,2262.0,38.262252939417984,11712
3865156,49,974.0,34.87119154832539,15099
4024036,64,1998.0,35.552777669262355,20608
4022030,81,2010.0,37.603191353926334,25182
3904576,64,1058.0,41.7492514902962,13944
3908529,36,1428.0,39.585350825778974,9402
3904576,49,958.0,37.013511046643494,9590
3876961,25,3872.0,36.578682316343766,13170
4022030,64,2262.0,39.87480407475377,12720
4034072,49,2364.0,38.07886552931954,10150
3734250,36,1056.0,29.086079144497972,8028
4028049,49,800.0,26.981475126464083,10192
4012009,100,2904.0,48.908077042549934,23920
3880900,16,297.0,23.021728866442675,3968
4032064,100,2436.0,32.03123475609393,20070
3992004,49,1800.0,33.28663395418648,16695
3784950,49,240.0,30.298514815086232,11522
4028049,49,800.0,26.981475126464083,10192
3833280,25,1248.0,23.40939982143925,5200
3740100,36,2592.0,37.013511046643494,15744
3884805,25,1056.0,35.552777669262355,6320
4014012,49,840.0,39.45883931389772,10899
3908529,36,1082.0,35.874782229304195,7722
3880900,36,960.0,31.68595903550972,6024
4028049,49,966.0,34.08812109811862,8134
4034072,49,1058.0,37.89459064299283,10052
3931889,25,300.0,30.983866769659336,4800
3873024,25,336.0,34.583232931581165,5980
4018020,64,860.0,35.62302626111375,10152
3913760,25,230.0,32.109188716004645,5155
3796200,16,280.0,21.166010488516726,2880
3814209,36,1010.0,38.79432948254165,9030
3779100,25,240.0,30.886890422961002,4770
4022030,36,1128.0,27.386127875258307,9000
3845521,25,368.0,32.4037034920393,5250
3976036,64,1236.0,45.59605246071199,21496
3871000,36,1128.0,35.38361202590826,7512
3998000,49,800.0,27.820855486487112,10010
4014012,25,1152.0,33.37663853655727,5570
3996001,36,804.0,34.9857113690718,7344
4024035,81,1968.0,33.67491648096547,22536
3784950,25,1056.0,27.568097504180443,6775
3853369,36,1316.0,38.691084244306204,13764
4032064,81,3156.0,41.255302689472536,15318
3954132,36,1200.0,38.84584919911006,9054
3772550,49,1926.0,31.0,12019
3940225,49,1056.0,35.21363372331802,8680
4020025,49,800.0,34.14674215792775,8162
3823820,25,0.0,27.640549922170507,7320
3900369,36,1020.0,40.64480286580315,9912
3873024,36,509.0,34.38022687534217,12852
3857296,36,1008.0,33.04542328371661,6552
3761550,49,902.0,33.49626844888845,11697
3907904,25,1138.0,38.57460304397182,7440
3810304,25,240.0,40.29888335921977,8120
4022030,36,920.0,36.90528417449187,8172
4030056,49,924.0,34.899856733230294,8526
3749850,36,288.0,32.68026927673638,6408
3916441,36,1152.0,40.311288741492746,9750
3948169,49,1008.0,32.61901286060018,12369
3908000,36,286.0,32.4037034920393,6300
3829849,16,352.0,30.116440692751194,3628
3781050,4,256.0,25.298221281347036,1690
3980025,64,2253.0,35.369478367654786,20008
3865156,25,1008.0,34.77067730142742,6045
3777150,16,231.0,21.283796653792763,3624
4006002,64,1340.0,40.01249804748511,12808
4022030,49,1004.0,36.55133376499413,9352
3850900,16,880.0,33.090784215548595,6624
3818116,25,0.0,33.52610922848042,5620
4002000,49,862.0,31.74901573277509,13244
3743000,9,840.0,31.843366656181317,5097
3798600,36,312.0,27.92848008753788,8496
3814040,9,0.0,36.138621999185304,3918
3889700,16,308.0,25.92296279363144,2688
3873024,25,257.0,34.058772731852805,5800
3814209,16,286.0,30.495901363953813,3720
3783000,16,0.0,26.60826939130014,2832
3968064,36,1058.0,39.68626966596886,9450
3865156,25,286.0,32.54228019054596,5295
3857296,16,880.0,31.701734968294716,4020
4004001,49,1300.0,32.51153641401772,13503
4020025,49,960.0,22.80350850198276,8400
4012009,64,2385.0,42.473521163190604,21520
3936256,25,990.0,28.861739379323623,4165
4024036,36,858.0,26.981475126464083,8736
3903900,25,1440.0,29.393876913398138,4320
3954042,36,870.0,39.824615503479755,9516
3825936,25,300.0,37.013511046643494,6850
4008004,36,0.0,30.23243291566195,5484
4022030,49,860.0,39.433488306260706,10885
3920400,36,904.0,26.758176320519304,9336
3888784,25,922.0,29.698484809834994,4410
3744000,25,990.0,34.161381705077446,5835
4030056,81,2832.0,42.42640687119285,16200
3900625,36,880.0,29.24038303442689,8736
4008004,49,986.0,28.827070610799147,11620
3968064,49,784.0,28.495613697550013,10374
3936256,36,1104.0,39.01281840626232,9132
4032064,81,2340.0,45.12205669071391,18324
3964081,25,1344.0,39.93745109543172,7975
4020025,49,924.0,29.8496231131986,11802
3990006,49,3136.0,36.66060555964672,9408
3880900,25,2784.0,40.64480286580315,8260
3825936,16,263.0,28.844410203711913,5348
3920256,49,974.0,34.95711658589707,13440
4016016,36,840.0,29.120439557122072,5088
3900625,49,880.0,32.48076353782343,7385
3986012,36,862.0,35.93048844644336,7746
3861784,36,968.0,26.832815729997478,4320
3892729,16,297.0,22.93468988235943,3952
3907745,25,295.0,31.400636936215164,7615
4016016,49,1144.0,29.393876913398138,12096
3980025,64,954.0,35.199431813596085,9912
3833764,25,356.0,33.926390907374746,9775
3784950,49,234.0,29.32575659723036,10948
3818116,16,312.0,34.698703145794944,4816
3833764,36,312.0,36.45545226711637,7974
3900625,25,880.0,29.647934160747187,4395
3802500,16,294.0,29.0,3364
3796650,36,1298.0,30.0,7872
3738150,36,792.0,33.67491648096547,12348
3936256,64,1130.0,36.87817782917155,10880
4010006,64,2145.0,42.261093218230876,14288
3884841,36,990.0,33.12099032335839,11958
3744000,16,280.0,31.400636936215164,5448
4026042,49,876.0,33.34666400106613,10850
3849444,25,349.0,41.182520563948,8480
3880900,16,286.0,23.366642891095847,4368
4020025,81,1152.0,41.8568990729127,15768
4024036,81,2025.0,33.19638534539566,22257
4028049,81,1404.0,42.42640687119285,16200
3974042,49,2349.0,33.28663395418648,15379
3784950,25,1320.0,29.223278392404914,6910
4016016,49,866.0,29.103264421710495,12131
4032064,49,1250.0,37.44329045369811,9814
3936256,25,288.0,29.782545223670862,4435
3873024,25,1008.0,32.41913015489465,5255
3744000,36,216.0,27.477263328068172,9060
3892729,25,1012.0,40.69397989875161,8280
3904576,36,880.0,30.95157508108432,5748
3970056,64,1092.0,56.815490845367165,25824
3873024,25,1372.0,32.2490309931942,5200
3825730,25,1104.0,25.709920264364882,6250
3973952,36,954.0,33.76388603226827,11208
4022030,100,4600.0,40.39801975344831,27900
3820504,36,882.0,38.01315561749642,12804
3822420,25,0.0,30.789608636681304,9640
3996001,49,780.0,31.96873472629156,14420
3866130,36,162.0,29.34280150224242,8268
3872975,16,5424.0,40.27406113120453,6488
4028049,64,2640.0,30.903074280724887,15040
3944196,64,922.0,32.984845004941285,8704
3837681,25,286.0,32.2490309931942,5200
3838308,36,180.0,30.0,9012
3884841,36,264.0,21.97726097583591,5922
3833764,36,264.0,33.090784215548595,6570
4016016,49,760.0,31.144823004794873,11963
3970056,36,924.0,29.0516780926679,10386
3931965,16,364.0,30.983866769659336,3840
3900625,36,868.0,28.478061731796284,9312
4026042,64,2685.0,42.36744032862972,14360
3964081,25,1152.0,24.979991993593593,6370
3783000,36,1152.0,29.120439557122072,7176
3893946,16,220.0,26.5329983228432,2816
3822025,25,305.0,31.176914536239792,4860
3798600,36,330.0,30.199337741083,8748
3853369,36,860.0,31.74901573277509,6048
4028049,81,2322.0,42.7551166528639,16452
3795530,9,0.0,31.827660925679098,4578
3874000,36,1248.0,28.035691537752374,7056
3908045,25,288.0,32.51153641401772,5285
3980025,64,2517.0,45.967379738244816,16904
3884825,25,300.0,37.242448899072144,6935
4022030,81,2442.0,41.49698784249286,24822
3744000,9,250.0,28.982753492378876,2520
3864000,25,281.0,29.120439557122072,7600
4028049,64,2556.0,39.26830783214372,12336
3810304,25,1440.0,30.166206257996713,6925
3849444,25,288.0,30.59411708155671,4680
3784950,25,240.0,28.705400188814647,6440
3853369,25,1050.0,33.58571124749333,5640
4038090,64,2040.0,27.820855486487112,15744
3857296,36,882.0,35.298725189445584,7476
3848960,49,240.0,30.983866769659336,12180
3853369,25,968.0,30.4138126514911,4625
4000000,49,800.0,27.820855486487112,10010
3805700,64,288.0,30.495901363953813,12528
3814209,25,800.0,30.822070014844883,4750
3837681,25,796.0,33.823069050575526,5720
3845521,25,902.0,33.37663853655727,5570
3892729,49,1032.0,47.148700936505136,15561
3832320,25,288.0,24.1039415863879,5555
3833764,25,1248.0,30.983866769659336,4800
3992004,36,920.0,30.528675044947494,9798
3728400,36,0.0,30.479501308256342,13374
3818116,36,280.0,31.368774282716245,5904
3920400,36,1224.0,41.060930335295616,10116
4020025,49,1152.0,40.17461885320133,11298
3888784,25,297.0,29.393876913398138,4320
4024036,49,2622.0,41.71330722922842,12180
3922224,25,880.0,41.48493702538308,8605
3904576,36,2664.0,32.155870381627054,6204
3912484,36,1078.0,36.30426972134269,11412
3938240,36,960.0,33.12099032335839,6582
4022030,81,2010.0,33.421549934136806,19854
3904576,36,1344.0,33.421549934136806,6702
3675750,16,1120.0,35.298725189445584,9160
3888784,36,264.0,21.97726097583591,5688
3783000,36,231.0,24.49489742783178,5514
3873024,36,824.0,33.94112549695428,6912
4038090,81,2253.0,40.33608806019741,21006
3841600,25,922.0,35.552777669262355,6320
3916441,25,1056.0,34.9857113690718,6120
3753750,36,300.0,26.40075756488817,8214
3904576,25,308.0,29.899832775452108,4470
4000000,36,880.0,27.730849247724095,9438
4008004,64,2268.0,41.0731055558257,18000
4000000,36,788.0,28.61817604250837,9084
3884841,36,0.0,25.92296279363144,7308
3818116,25,256.0,28.478061731796284,6935
3744000,16,250.0,25.475478405713993,5268
3839484,36,0.0,27.80287754891569,8130
3697200,16,330.0,30.854497241083024,3808
3904576,36,504.0,33.36165463522455,6678
3792700,25,924.0,27.892651361962706,3890
3783000,36,240.0,30.72458299147443,8934
4030056,81,2304.0,41.20679555607303,15282
3835260,49,996.0,35.52463933666322,15869
3932289,25,968.0,30.033314835362415,4510
4024036,36,880.0,27.16615541441225,8970
3986012,25,808.0,37.20215047547655,6920
3745950,36,228.0,29.171904291629644,8616
3994002,36,880.0,30.854497241083024,9816
4016016,36,1152.0,34.02939905434711,6948
4026042,64,2610.0,40.570925550201586,13168
3777150,25,240.0,31.32091952673165,8840
3930000,36,299.0,39.56008088970496,9390
3770580,49,640.0,29.664793948382652,12376
3806401,25,0.0,32.55764119219941,6980
3912484,36,968.0,33.1058907144937,6576
3996001,49,1974.0,34.97141690009142,16184
3972049,64,924.0,36.565010597564445,10696
4016016,49,960.0,23.473389188611005,7714
4008004,64,1154.0,33.58571124749333,16248
3744000,4,246.0,20.92844953645635,876
3904576,25,1008.0,32.14031735997639,5165
4012009,49,1192.0,33.60059523282288,16289
3970056,49,840.0,34.45286635390443,8309
3792750,36,440.0,28.5657137141714,8040
3822025,16,0.0,33.94112549695428,4608
3947728,36,1084.0,39.585350825778974,9402
3816960,49,648.0,28.844410203711913,10374
4026042,49,866.0,41.09744517606904,11823
3918310,25,2484.0,37.73592452822641,7120
3932289,25,264.0,28.5657137141714,4080
3745950,49,312.0,37.73592452822641,9968
3951888,49,968.0,26.92582403567252,10353
3849444,25,0.0,32.01562118716424,5125
3880900,36,1230.0,37.97367509209505,8652
4000000,64,1008.0,38.13135192987524,15488
3992004,49,1665.0,32.71085446759225,13573
4020025,36,1080.0,27.16615541441225,8856
3873024,25,326.0,29.966648127543394,4490
4026042,64,960.0,38.2099463490856,11680
3912484,36,1008.0,32.155870381627054,6204
3912484,25,1056.0,34.26368339802363,5870
4012009,49,992.0,23.021728866442675,7560
3777150,36,198.0,27.92848008753788,8256
3783000,25,880.0,28.982753492378876,7835
3788105,25,0.0,27.40437921208944,7670
3982020,64,1216.0,40.19950248448356,12928
3779100,25,240.0,32.526911934581186,7755
3822025,25,330.0,30.983866769659336,4800
4028049,49,872.0,36.08323710533743,9114
3753750,25,210.0,28.5657137141714,4080
3992004,49,286.0,38.7556447501522,10514
4032064,36,308.0,33.66006535941367,6798
3992004,81,2418.0,40.87786687193939,27702
3976036,36,942.0,30.59411708155671,10326
3724500,16,1296.0,31.32091952673165,7040
3893890,36,180.0,37.89459064299283,13920
4014012,49,904.0,33.85262175962151,17402
3906246,25,305.0,35.298725189445584,6230
3927748,36,778.0,38.0,12864
3786900,25,215.0,28.26658805020514,5750
4028049,64,2670.0,40.0,12800
3865790,16,231.0,35.07135583350036,7020
4008004,64,2295.0,42.42640687119285,14400
4018020,49,960.0,24.49489742783178,8400
3884841,25,880.0,27.65863337187866,6825
4012009,36,1084.0,28.89636655359978,10176
4022030,49,1276.0,30.740852297878796,12663
4024036,64,1448.0,47.265209192385896,17872
3974042,36,948.0,29.765752132274432,10080
3945762,36,888.0,31.240998703626616,12522
3998000,64,1042.0,38.897300677553446,12104
3920231,25,308.0,33.27160951922825,5535
3923685,25,392.0,28.75760768909681,4135
3829914,36,0.0,27.23967694375247,8904
3857700,25,1008.0,27.640549922170507,3820
4014012,81,2622.0,42.33202097703345,16128
4006002,64,2238.0,38.92300091205713,21192
3970056,36,778.0,28.42534080710379,9558
3888784,16,1176.0,34.36568055487916,4724
3976036,64,1382.0,44.57577817604534,15896
3773250,36,180.0,25.436194683953808,7452
3943872,36,1008.0,31.240998703626616,5856
3706950,25,216.0,31.12876483254676,6070
3849444,25,336.0,29.393876913398138,4320
3775200,36,240.0,34.14674215792775,9834
4032064,81,2502.0,41.66533331199932,15624
3916441,25,800.0,39.179076048319466,7675
3932000,36,968.0,28.284271247461902,9792
3776220,9,320.0,26.92582403567252,2175
4016016,49,880.0,28.982753492378876,12040
3814209,16,1152.0,30.59411708155671,3744
4012009,64,1890.0,39.8622628559895,12712
3974042,36,760.0,28.26658805020514,9426
4012009,49,1116.0,38.45776904605882,10353
3876961,25,1796.0,28.0,8160
3861225,25,360.0,29.393876913398138,4320
4032064,81,2574.0,38.41874542459709,24417
3846222,49,312.0,27.258026340878022,10353
4016016,49,2004.0,39.698866482558415,11032
3998000,49,1154.0,38.45776904605882,10353
3838450,25,308.0,30.265491900843113,5300
3904252,16,308.0,30.708305065568176,3772
3952144,49,2358.0,37.107950630558946,15281
3974042,49,1148.0,32.58834147360065,13643
4026042,100,2796.0,42.708313008125245,18240
3757650,36,316.0,33.85262175962151,11580
3994002,100,1692.0,38.3275357934736,23930
3809500,25,1248.0,31.73326330524486,10070
3794700,16,336.0,35.24202037341219,4968
3974042,49,1950.0,31.559467676119,14000
3781050,36,280.0,28.722813232690143,8472
3976036,25,440.0,31.464265445104548,4950
3806401,25,256.0,36.6333181680284,6710
4020025,81,3255.0,43.22036556994862,16812
3724500,16,1056.0,27.2213151776324,5452
3892504,36,338.0,40.39801975344831,9792
4032064,100,2526.0,41.569219381653056,22960
3837681,25,0.0,40.963398296528084,8390
4006002,64,942.0,36.0,10368
3884841,36,1050.0,39.83716857408418,9522
3784950,25,256.0,29.223278392404914,6490
3853369,25,1008.0,41.569219381653056,8640
3829849,25,288.0,30.463092423455635,4640
4022030,49,1156.0,29.647934160747187,12565
3833764,36,288.0,32.863353450309965,6480
3992004,49,1092.0,29.427877939124322,12453
3825730,36,255.0,31.63858403911275,9810
4024036,49,1264.0,34.92849839314596,8540
4004001,81,1090.0,36.193922141707716,11790
3878060,25,0.0,28.42534080710379,6775
3984000,49,1180.0,34.14674215792775,16065
3705000,16,684.0,34.0,7192
3869089,49,1156.0,40.24922359499622,11340
3822025,25,336.0,34.87119154832539,6080
3775200,25,240.0,29.93325909419153,6720
3753750,25,288.0,27.331300737432898,5795
3865156,16,384.0,32.49615361854384,4224
3796650,25,336.0,28.844410203711913,6080
3761550,36,208.0,30.822070014844883,6948
4020025,64,968.0,39.21734310225516,12304
3837681,25,308.0,33.80828300875393,5715
3884841,16,1920.0,29.5296461204668,3488
3744000,36,0.0,32.17141588429082,8436
4020025,36,860.0,36.38681079732051,7944
3865156,25,408.0,30.066592756745816,4520
3859704,49,282.0,35.7211421989835,14560
4016016,36,840.0,29.120439557122072,5088
3892473,16,304.0,33.2264954516723,7152
3833764,36,1050.0,36.66060555964672,8064
3724500,25,0.0,33.58571124749333,11280
3954132,36,1042.0,34.11744421846396,12360
3994002,36,1022.0,36.565010597564445,8022
3865156,36,980.0,34.132096331752024,6990
3865156,25,1128.0,36.3318042491699,6600
4016016,49,1064.0,39.179076048319466,10745
3936240,49,978.0,35.73513677041127,14308
3761550,16,336.0,24.979991993593593,4544
3916441,36,972.0,36.0416425818802,7794
3998000,64,984.0,27.640549922170507,11528
3814209,25,1298.0,40.3732584763727,8150
3830750,49,1092.0,28.844410203711913,11487
3990006,25,964.0,30.463092423455635,8145
4014012,36,840.0,29.120439557122072,5088
3873510,36,432.0,28.5657137141714,4896
3978030,25,1344.0,33.12099032335839,5485
4000000,64,998.0,40.64480286580315,13216
3873024,16,0.0,42.04759208325728,7072
3822025,16,0.0,33.94112549695428,4608
3724500,4,280.0,28.460498941515414,1620
4030056,49,968.0,36.851051545376556,9506
3992004,36,804.0,34.87119154832539,7296
3829849,36,384.0,31.096623610932426,9828
3998000,49,924.0,24.979991993593593,8764
3970056,25,1396.0,29.715315916207253,4415
3873024,25,288.0,29.563490998188964,4370
3745950,49,960.0,30.033314835362415,11970
4034072,64,1034.0,42.8485705712571,14688
3829849,25,299.0,33.04542328371661,5460
4026042,49,1138.0,35.22782990761707,8687
3908529,36,1260.0,36.52396473549935,8004
3894520,36,1144.0,37.8021163428716,8574
4032064,64,1500.0,39.57271787481876,12528
3938184,49,1040.0,36.27671429443411,16016
3998000,81,1012.0,41.340053217188775,15381
4020025,64,1108.0,41.48493702538308,13768
4032064,64,2430.0,35.41186241925155,10032
3829593,25,1881.0,29.393876913398138,6750
4002000,49,902.0,40.3732584763727,11410
4020025,49,898.0,28.827070610799147,11095
3814209,25,375.0,36.55133376499413,6680
3927924,25,1152.0,34.79942528261063,6055
3956021,36,956.0,36.78314831549904,8118
3865156,49,880.0,34.64101615137755,8400
3960100,49,1028.0,39.14077158156185,16303
4010006,49,1064.0,39.191835884530846,10752
3919824,36,940.0,42.555845661906424,10866
4024036,49,2841.0,32.72613634390714,15204
3874860,16,1440.0,32.7566787083184,4292
3865156,36,884.0,32.41913015489465,11034
3740100,9,0.0,31.937438845342623,3060
3972049,36,4068.0,31.04834939252005,10812
3908529,25,1152.0,31.76476034853718,5045
4028049,64,1196.0,36.578682316343766,10704
3910164,25,1248.0,61.806148561449774,19100
4028049,49,1080.0,26.514147167125703,9744
3984016,64,1000.0,35.888716889852724,10304
3755700,36,160.0,31.827660925679098,6078
4018020,64,2796.0,42.21374183841087,14256
4022030,81,2028.0,43.840620433565945,17298
4026042,100,2358.0,41.44876355212541,17180
4018020,100,2847.0,49.91993589739474,24920
3798600,16,265.0,24.979991993593593,3744
4036081,36,1352.0,34.899856733230294,7308
3986012,49,2448.0,30.166206257996713,12740
3994002,49,1054.0,29.664793948382652,12068
3833764,36,976.0,36.55133376499413,8016
3802500,25,282.0,30.166206257996713,7790
4018020,49,1356.0,31.480152477394387,13629
3978030,49,966.0,28.844410203711913,11599
3912484,49,1100.0,45.43126676640219,14448
3802500,25,240.0,34.11744421846396,5820
3900625,49,308.0,28.91366458960192,5852
3806401,1,270.0,40.0,1600
3960100,36,0.0,28.5657137141714,4896
4036081,81,1434.0,42.02380277890139,15894
3800550,25,2613.0,31.63858403911275,10010
3889634,49,862.0,33.71943060017473,13678
4024036,49,874.0,36.932370625238775,9548
4008004,49,984.0,30.331501776206203,13027
3908529,25,1078.0,36.08323710533743,8670
3805700,16,281.0,26.77685567799177,4156
3724500,16,1440.0,28.861739379323623,6040
4020025,64,2187.0,34.11744421846396,20328
4016016,64,2535.0,38.88444419044716,12096
4004001,49,1054.0,37.86819245752297,10038
4012009,49,1256.0,28.495613697550013,11571
3705000,36,357.0,33.015148038438355,12042
3896676,25,862.0,32.202484376209235,5185
3898650,25,836.0,37.26929030716845,6945
3829826,25,352.0,26.343879744638983,3470
3751800,36,0.0,23.916521486202797,6576
3888784,25,1104.0,29.899832775452108,4470
3884841,25,1152.0,29.393876913398138,4320
3705000,16,2337.0,33.090784215548595,7096
3908529,36,358.0,33.436506994600975,6708
3802500,36,288.0,32.12475680841802,7512
3837681,25,672.0,33.88214869219483,5740
3842300,64,228.0,28.861739379323623,13328
4006002,81,2175.0,36.959437225152655,17523
3869089,25,336.0,30.199337741083,4560
3794700,25,0.0,34.56877203488721,5975
3978030,64,2271.0,40.29888335921977,12992
3916441,25,888.0,30.23243291566195,4570
3837681,25,308.0,36.4417343165772,6640
3834666,36,225.0,26.19160170741759,8766
3962090,36,946.0,36.932370625238775,16098
4028049,49,924.0,35.4682957019364,8806
3899896,25,230.0,33.34666400106613,10040
3845521,25,880.0,34.45286635390443,5935
3976036,25,299.0,31.464265445104548,4950
3996001,64,960.0,31.016124838541646,12688
3980025,25,1152.0,31.464265445104548,4950
3908129,25,319.0,40.0,8000
4028049,64,1180.0,29.93325909419153,14336
3892729,16,297.0,22.93468988235943,3952
3833764,25,338.0,34.20526275297414,5850
3714750,9,216.0,26.720778431774775,4128
3865156,25,960.0,33.97057550292606,5770
3818090,64,1632.0,30.14962686336267,14176
4030056,100,3660.0,45.65084884205331,20840
3775200,16,327.0,30.83828789021855,3804
4000000,64,2430.0,38.28837943815329,21496
4022030,81,2385.0,49.8998997994986,22410
3757650,36,384.0,34.698703145794944,9996
4020025,36,968.0,33.77869150810907,6846
3873024,25,940.0,27.055498516937366,7320
3802810,25,0.0,28.635642126552707,6735
3843218,25,240.0,27.892651361962706,6410
3976036,36,944.0,25.219040425836983,7920
3736200,9,0.0,24.0,2808
4030056,64,2490.0,39.74921382870358,12640
3945942,49,1478.0,42.708313008125245,12768
3951975,25,880.0,39.4715087119811,7790
3903615,9,240.0,25.298221281347036,1920
3896676,36,880.0,29.24038303442689,7932
3839575,49,164.0,30.265491900843113,12782
3960100,49,968.0,36.59234892706397,9373
3763500,16,0.0,19.28730152198591,4368
4012009,49,876.0,33.85262175962151,8022
3904576,36,352.0,33.54101966249684,6750
3846832,49,180.0,31.937438845342623,14399
3724500,25,200.0,29.9833287011299,4495
3812360,16,0.0,28.77498913987632,6376
4028049,64,2454.0,41.15823125451335,13552
3974042,64,942.0,32.63433774416144,15288
3753750,16,0.0,25.92296279363144,2688
3904576,36,956.0,39.02563260217571,9138
3944196,36,1232.0,40.63249930782009,9906
3837681,25,270.0,32.264531609803356,5205
3833764,25,1152.0,40.049968789001575,8020
3858660,36,240.0,31.843366656181317,10032
3876961,49,1056.0,34.11744421846396,8148
3833764,25,294.0,32.264531609803356,5205
3912484,36,1008.0,32.155870381627054,6204
3724500,36,228.0,28.722813232690143,9654
3911700,25,264.0,36.565010597564445,6685
3978030,64,1424.0,38.72983346207417,20976
3972049,49,944.0,39.92492955535426,11158
4024036,36,1144.0,35.52463933666322,7572
4022030,36,0.0,34.27827300200522,7050
3847419,36,280.0,25.768197453450252,7728
3884841,25,280.0,25.099800796022265,6510
4020025,64,1100.0,35.31288716601915,9976
4024036,81,2493.0,41.689327171351664,23301
4008004,64,2571.0,41.09744517606904,13512
4012009,49,956.0,37.48332962798263,9835
3904576,49,1170.0,36.38681079732051,9268
3841600,25,351.0,37.107950630558946,6885
3986012,36,844.0,29.79932885150268,10536
3943796,25,271.0,35.04283093587046,6140
3818116,25,275.0,31.74901573277509,5040
3994002,49,1082.0,33.95585369269929,14217
4028049,36,880.0,27.422618401604176,9024
3744000,25,0.0,30.59411708155671,4680
3818116,16,996.0,37.1887079635741,5532
3820800,25,180.0,31.096623610932426,4835
4024036,64,2478.0,40.69397989875161,13248
3907800,36,300.0,33.94112549695428,6912
4020025,36,0.0,33.793490497431605,6852
4000000,36,940.0,37.456641600656084,8418
3927795,25,1176.0,41.376321731154405,8560
3876961,16,800.0,35.4682957019364,5032
3798600,25,1144.0,41.0731055558257,8435
3833764,25,968.0,39.496835316262995,7800
3904576,49,1100.0,33.793490497431605,13545
3904576,49,1192.0,32.90896534380867,7581
3908529,25,308.0,30.116440692751194,4535
3998000,36,870.0,40.92676385936225,10050
3818116,25,1040.0,31.432467291003423,4940
4004001,64,980.0,38.61346915261564,11928
3952143,49,1156.0,38.45776904605882,10353
3806401,25,960.0,33.34666400106613,5560
3825936,36,960.0,41.09744517606904,10134
4028049,81,1114.0,41.352146256270665,15390
3841600,36,352.0,35.397740040855716,7518
3849444,25,294.0,29.393876913398138,4320
4020025,49,820.0,26.981475126464083,10192
3962090,49,994.0,34.88552708502482,8519
3896676,49,1100.0,46.37887450122092,18522
4028049,64,1156.0,29.427877939124322,14144
3984016,25,1152.0,30.23243291566195,4570
3857296,36,960.0,33.63034344160047,10650
3908529,25,1200.0,36.89173349139343,13100
3811400,25,840.0,28.809720581775867,8135
4012009,49,800.0,25.69046515733026,9240
3781050,16,264.0,27.784887978899608,4492
3941904,25,288.0,29.563490998188964,4370
3946182,49,1152.0,39.408120990476064,19110
3988009,36,1368.0,30.083217912982647,10716
3800550,16,840.0,32.2490309931942,4160
3763200,25,786.0,37.107950630558946,11750
3873024,25,1060.0,29.732137494637012,8850
3841600,25,308.0,35.62302626111375,6345
3861225,25,1008.0,32.2335229225724,5195
3855260,36,364.0,38.98717737923585,9120
4030056,64,2316.0,41.27953488110059,13632
4024036,81,2697.0,41.060930335295616,15174
4030056,64,2400.0,40.570925550201586,13168
3845521,16,270.0,30.23243291566195,3656
3859704,36,216.0,33.896902513356586,9696
3800550,16,0.0,26.832815729997478,4768
3666000,36,205.0,34.322004603461025,13260
3757650,36,1152.0,29.427877939124322,7776
3924361,64,1352.0,49.969990994595946,19976
3953790,36,0.0,23.366642891095847,6552
4001958,49,946.0,29.93325909419153,11564
3984016,49,1024.0,30.14962686336267,12012
3825936,25,267.0,31.843366656181317,5070
3950156,25,0.0,34.64101615137755,6000
4024036,64,984.0,37.841775856849004,11456
3994002,49,1166.0,40.98780306383839,11760
3798600,16,390.0,29.478805945967352,3476
3992004,49,854.0,29.748949561287034,12026
3892729,36,264.0,22.9128784747792,6552
3761550,9,1320.0,26.739483914241877,2145
4012009,49,1146.0,39.496835316262995,10920
4020025,49,1206.0,29.427877939124322,12376
4028049,100,3522.0,47.853944456021594,22900
4018020,49,866.0,29.120439557122072,11186
3976036,25,1056.0,31.464265445104548,4950
3912484,25,1128.0,30.675723300355934,4705
3838080,36,1004.0,27.40437921208944,8172
4000000,36,884.0,30.659419433511783,10140
4022030,36,1050.0,32.7414110874898,6432
3753750,16,200.0,23.916521486202797,2288
4022030,49,2388.0,39.319206502675,10822
4032064,49,1980.0,36.68787265568828,9422
3888784,36,968.0,31.811947441173732,10740
3912484,36,1152.0,32.03123475609393,6156
3984016,49,956.0,38.781438859330635,10528
3837681,25,894.0,41.23105625617661,8500
3732300,9,0.0,29.393876913398138,2592
3914252,36,880.0,31.937438845342623,11106
4000000,36,880.0,27.49545416973504,9072
3851605,36,240.0,27.54995462791182,7788
4000000,49,1166.0,40.90232267243512,11711
3968064,36,1128.0,31.559467676119,5976
3903792,36,280.0,28.5657137141714,7344
3744000,16,338.0,28.982753492378876,5496
3824000,25,0.0,30.59411708155671,8580
4012009,64,2523.0,41.10960958218893,26232
4024036,49,0.0,33.80828300875393,8001
4026042,81,1680.0,40.64480286580315,14868
3880371,25,240.0,32.46536616149585,5270
3861225,25,288.0,30.577769702841312,4675
3734250,16,1056.0,36.235341863986875,9508
3905740,25,1056.0,33.49626844888845,5610
3880900,25,954.0,34.351128074635334,5900
3736200,49,225.0,28.548204847240395,11830
4024036,64,968.0,37.013511046643494,10960
3926036,25,960.0,38.54867053479276,7430
3784950,25,200.0,26.0,5655
3972049,64,2112.0,39.56008088970496,22392
4024036,49,880.0,26.981475126464083,10192
3982020,64,1056.0,41.641325627314025,13872
4024036,81,2100.0,39.1279950930277,13779
4008004,64,2076.0,43.840620433565945,15376
3841600,25,336.0,33.823069050575526,5720
3917770,49,878.0,36.91882988394946,9541
4032064,81,2610.0,43.197222132910355,16794
3747900,9,210.0,32.817678162843876,3231
4026042,64,1056.0,39.370039370059054,12400
4018020,49,964.0,40.570925550201586,11522
4022030,49,876.0,35.32704346531139,8736
4018020,49,990.0,35.2845575287547,8715
3853369,36,311.0,32.43454948045371,6312
3869089,36,1070.0,42.76680956068619,10974
3825936,16,283.0,30.854497241083024,3808
4024027,49,1240.0,38.47076812334269,10360
4022030,64,1240.0,42.941821107167776,14752
3874000,36,672.0,28.722813232690143,8982
3786900,25,215.0,31.240998703626616,4880
3853526,25,864.0,31.04834939252005,4820
3996001,49,1154.0,38.742741255621034,10507
3825936,25,313.0,39.496835316262995,7800
3818430,36,0.0,37.94733192202055,20370
3833764,25,399.0,29.393876913398138,4320
4000000,49,1082.0,39.05124837953327,10675
3849444,25,1080.0,34.49637662132068,5950
4024036,64,2577.0,36.08323710533743,14640
4016016,49,1140.0,38.72983346207417,10500
4008004,49,1182.0,29.631064780058107,12334
3921918,49,1134.0,43.61192497471305,13314
4032064,64,2178.0,40.718546143004666,13264
4032064,81,1184.0,38.80721582386451,13554
3941868,25,288.0,29.9833287011299,4495
3825260,25,336.0,31.63858403911275,8270
3850350,25,360.0,30.199337741083,4560
3912484,25,1182.0,37.05401462729781,6865
4016016,49,760.0,31.144823004794873,11963
3747900,25,100.0,28.5657137141714,4080
3978028,36,429.0,33.03028912982749,6546
3906280,36,401.0,32.87856444554719,6486
3861225,25,288.0,31.937438845342623,5100
3935727,49,1176.0,31.606961258558215,6993
3908529,16,0.0,37.94733192202055,5760
3994002,49,1068.0,29.206163733020468,12271
4022030,64,1520.0,33.406586176980134,15712
4024036,49,968.0,33.77869150810907,7987
3859929,49,1152.0,29.223278392404914,5978
3792750,36,378.0,29.748949561287034,7092
4022030,81,1042.0,40.311288741492746,18819
3828480,16,1352.0,31.38470965295043,3940
3986012,49,812.0,27.0,10122
3908529,49,1010.0,34.0,14154
4018020,49,868.0,29.103264421710495,13636
4032064,64,1352.0,28.035691537752374,12720
4012009,49,868.0,29.103264421710495,13636
3775200,16,240.0,27.51363298439521,5296
3857296,36,1152.0,37.749172176353746,8550
3705000,25,1120.0,37.70941526992961,11685
3872240,25,1024.0,30.133038346638727,4540
4024036,49,880.0,27.16615541441225,10444
3845521,25,288.0,33.91164991562634,5750
3972049,49,2034.0,32.863353450309965,14679
3837681,25,311.0,35.4400902933387,6280
4024036,64,3159.0,33.090784215548595,15512
3751800,25,900.0,28.5657137141714,7830
3822025,16,0.0,28.0,3136
4024036,64,1348.0,38.72983346207417,12000
4018020,81,2316.0,43.01162633521314,16650
4016016,36,786.0,28.513154858766505,9090
4026042,64,2364.0,39.20459156782532,12296
3888784,36,288.0,21.97726097583591,5922
4024036,49,2604.0,37.296112397943034,13734
3902390,25,882.0,37.8549864614954,7165
4012009,36,840.0,29.120439557122072,5088
3957804,36,264.0,21.97726097583591,5922
3975892,16,720.0,29.068883707497267,3380
3863475,49,1344.0,30.854497241083024,10836
3865075,36,968.0,50.149775672479336,15090
4026042,64,2568.0,41.15823125451335,13552
4028049,64,2430.0,40.024992192379,12816
4020025,81,1128.0,41.036569057366385,15156
3912484,36,880.0,30.298514815086232,10098
3772440,25,912.0,34.46737587922817,9345
3749850,36,216.0,37.841775856849004,8592
4016016,49,988.0,37.603191353926334,9898
4008004,64,836.0,36.851051545376556,10864
4028049,64,948.0,38.67815921162743,11968
3802500,36,306.0,30.528675044947494,5592
3802500,9,800.0,32.2490309931942,3120
3753750,25,5920.0,32.7414110874898,5360
3888784,16,1152.0,29.393876913398138,3456
4000000,64,1944.0,31.575306807693888,18280
3853369,25,264.0,33.421549934136806,5585
4012009,36,840.0,29.120439557122072,5088
3825936,25,286.0,32.37282811247729,5240
3876961,16,288.0,30.59411708155671,3744
3884760,25,1012.0,35.81898937714463,6415
3837681,16,1360.0,33.46640106136302,6352
4026042,100,2172.0,45.18849411078001,20420
3976036,64,2532.0,34.68429039204925,20208
3996001,49,1194.0,31.432467291003423,13111
3807600,36,800.0,30.659419433511783,8496
4000000,36,920.0,30.870698080866262,9984
4030056,49,960.0,37.78888725538237,9996
4022030,81,2775.0,42.33202097703345,16128
3993990,36,1228.0,33.06055050963308,16884
3742050,25,0.0,28.61817604250837,4095
3734250,9,0.0,28.42534080710379,4032
3888784,36,1166.0,37.12142238654117,12714
3897948,25,240.0,32.7414110874898,6425
3948169,49,1056.0,37.8549864614954,10031
3983847,64,1224.0,38.67815921162743,17056
3929754,36,312.0,36.837480912787726,8142
3962090,49,2103.0,46.861498055439924,15372
3904576,25,336.0,24.819347291981714,6520
3719664,64,0.0,30.62678566222711,18864
3944196,64,1382.0,52.21110992882645,21808
4024036,49,1278.0,30.643106892089126,12579
3802500,25,1250.0,32.2490309931942,5200
3798600,25,250.0,28.089143810376278,3945
4016016,49,1176.0,33.80828300875393,8001
3873024,36,924.0,38.58756276314948,8934
3998000,64,1980.0,31.68595903550972,14816
3833764,16,0.0,30.983866769659336,3840
4032064,100,2836.0,68.49817515817483,56420
3880900,25,1248.0,27.712812921102035,3840
3900264,36,353.0,33.52610922848042,6744
4036081,36,1056.0,24.73863375370596,7344
4026042,36,0.0,33.166247903554,6600
3800550,36,940.0,31.921779399024736,9336
3908529,36,1056.0,36.823905279043935,8136
3904576,36,920.0,35.52463933666322,7572
3984016,49,1100.0,28.75760768909681,11627
3912484,49,964.0,30.740852297878796,12999
3794700,9,0.0,25.80697580112788,1998
3940176,36,1044.0,33.421549934136806,11886
3753750,25,1152.0,30.01666203960727,6755
3825936,25,319.0,31.701734968294716,5025
3744000,36,1040.0,39.7994974842648,16752
3904576,25,336.0,30.4138126514911,7375
4012009,64,2550.0,44.474711915874174,15824
4024036,64,2613.0,40.07492981902776,12848
4016016,36,0.0,34.02939905434711,6948
4022030,64,2034.0,42.68489194082609,14576
3814209,36,900.0,47.52893855326458,13554
3749850,36,880.0,30.24896692450835,9810
3880900,25,1804.0,31.654383582688826,5010
4026042,36,864.0,24.819347291981714,8472
3861225,25,1152.0,41.569219381653056,8640
4028049,49,1324.0,35.91656999213594,9030
4022030,100,2634.0,45.232731511594565,20460
3996001,36,880.0,27.23967694375247,8826
3942078,36,1248.0,39.344631145812,15684
4018020,64,1220.0,39.74921382870358,19728
4028049,64,1830.0,38.28837943815329,11728
3900625,25,880.0,31.12876483254676,4845
3926330,49,1326.0,40.792156108742276,11648
3869089,36,1100.0,41.12177038990418,10146
4028049,49,1256.0,34.75629439396553,8456
3869089,25,668.0,32.43454948045371,5260
3781050,36,312.0,31.176914536239792,9462
3873024,25,294.0,30.14962686336267,4545
4022030,81,2046.0,42.871902220452036,16542
3908529,36,317.0,26.19160170741759,8328
3896315,25,303.0,43.2087954009366,9335
3751800,25,880.0,36.069377593742864,6505
3857296,36,461.0,35.369478367654786,7506
4006002,49,1154.0,38.0,10108
3960100,64,1500.0,38.118237105091836,22480
3920400,36,264.0,30.380915061926625,5538
3994002,64,1366.0,34.785054261852174,19616
3857296,16,1590.0,34.9857113690718,4896
3992004,36,810.0,36.565010597564445,8022
3912475,25,1222.0,41.24318125460256,8505
3751800,16,288.0,33.06055050963308,6676
3873024,36,288.0,30.854497241083024,5712
3829849,25,308.0,30.364452901377952,4610
3908529,25,968.0,33.555923471125034,5630
3968064,64,1012.0,35.77708763999664,10240
3943940,25,368.0,30.23243291566195,4570
3988009,49,3136.0,36.98648401781386,9576
3786900,36,213.0,27.440845468024488,8964
4024036,64,968.0,39.16631205513228,12272
3779100,25,250.0,31.52776554086889,7910
3960100,49,1782.0,41.2189276910499,22554
3857296,36,944.0,38.93584466786357,9096
3773250,25,260.0,32.12475680841802,5160
3882408,9,0.0,39.84971769034255,4764
4028049,49,880.0,36.27671429443411,9212
4028049,49,960.0,39.08964057138413,10696
3786700,25,1152.0,30.463092423455635,10840
3806401,25,288.0,32.87856444554719,7110
3978030,16,0.0,31.464265445104548,3960
3861225,36,880.0,36.38681079732051,7944
4000000,36,926.0,30.789608636681304,10140
3900225,25,1440.0,28.722813232690143,4125
3873024,36,882.0,28.792360097775937,9336
3974042,36,1232.0,33.94112549695428,10782
3873024,25,304.0,32.49615361854384,5280
3770756,100,2520.0,38.961519477556315,36080
4022030,64,990.0,42.16633728461603,14224
3884841,16,0.0,29.393876913398138,3456
4018020,49,800.0,34.942810419312295,8547
3830400,36,216.0,27.202941017470888,5190
4020025,49,960.0,22.80350850198276,8561
3996001,49,1012.0,26.70205984563738,10164
3787870,25,800.0,29.664793948382652,6540
4016016,49,800.0,27.27636339397171,9618
4022030,49,874.0,38.781438859330635,10528
3988009,36,780.0,27.459060435491963,8304
3861125,25,310.0,37.5632799419859,7055
3853369,25,1248.0,31.144823004794873,4850
3880900,25,2736.0,30.066592756745816,4520
3916441,25,1158.0,33.166247903554,11165
3955832,16,1456.0,29.58039891549808,3500
3835170,36,0.0,22.80350850198276,4524
3896276,16,1058.0,40.779897008207364,6652
3861225,25,429.0,30.4138126514911,4625
3783000,25,256.0,31.240998703626616,6540
3908088,25,323.0,37.080992435478315,6875
4012009,64,2454.0,34.88552708502482,19080
3896676,25,960.0,29.93325909419153,8960
4028049,64,1950.0,49.63869458396343,19712
4028049,49,1980.0,39.61060464067672,10983
4036081,81,3414.0,40.98780306383839,15120
4012009,49,1062.0,36.565010597564445,9359
3771300,36,240.0,28.5657137141714,4896
4020025,49,1064.0,39.25557285278104,10787
3860325,16,240.0,31.448370387032774,6292
3890204,16,384.0,28.844410203711913,5844
3904576,36,1552.0,45.254833995939045,12288
3974042,36,784.0,30.166206257996713,9852
3832468,36,1248.0,29.46183972531247,8820
4003997,36,964.0,30.93541659651604,13794
4004001,49,868.0,29.732137494637012,14245
3849444,25,300.0,31.606961258558215,4995
4016016,64,1080.0,37.12142238654117,11024
3781050,25,820.0,28.160255680657446,5590
3822025,16,0.0,37.94733192202055,5760
3923920,25,254.0,33.67491648096547,5670
3846000,36,740.0,32.449961479175904,11088
3753750,36,1152.0,37.282703764614496,10164
3908000,16,281.0,30.01666203960727,3604
3779100,36,1056.0,29.34280150224242,8454
3841600,36,1056.0,40.69397989875161,9936
4030056,100,2538.0,41.737273509418415,23320
3913650,25,264.0,33.36165463522455,5565
3832000,36,880.0,35.09985754956849,7392
4028049,81,2118.0,44.15880433163923,17550
3952144,49,1208.0,43.266615305567875,13104
3818430,36,800.0,26.0,7584
4020025,64,2049.0,34.17601498127012,20000
3751800,25,0.0,28.0,3920
3783000,4,308.0,24.73863375370596,1224
3783000,49,349.0,34.741905532080416,16821
3814209,36,836.0,40.54626986542659,9864
4008004,49,1084.0,29.32575659723036,12103
3775200,25,180.0,29.647934160747187,4395
3890450,25,1144.0,29.393876913398138,4320
3825936,36,297.0,34.583232931581165,7176
3912484,36,880.0,25.92296279363144,8400
3783000,16,296.0,27.477263328068172,6040
3800000,16,0.0,26.343879744638983,5176
4024036,49,2478.0,35.21363372331802,8680
3849444,25,1248.0,31.432467291003423,4940
3873024,25,2376.0,39.496835316262995,7800
3802500,25,195.0,36.98648401781386,6840
4018020,49,1212.0,38.52272056851645,10388
3920400,64,968.0,35.014282800023196,9808
3974042,36,804.0,34.19064199455752,7014
3924037,49,276.0,32.17141588429082,11557
3794604,16,288.0,28.5657137141714,3264
4028049,49,2442.0,39.54743986657038,10948
3810000,36,1344.0,34.942810419312295,11472
4024036,49,1068.0,39.05124837953327,10675
4022030,36,780.0,26.981475126464083,8736
3827640,25,390.0,25.787593916455254,6650
4010006,49,800.0,28.982753492378876,12040
3865156,25,864.0,35.77708763999664,6400
3952144,64,960.0,34.336569426778794,9432
3813480,25,1152.0,30.983866769659336,4800
4006002,100,2412.0,51.31276644267,26330
3914082,36,297.0,31.432467291003423,5928
3912484,49,319.0,32.48076353782343,7385
3755700,25,352.0,37.70941526992961,7110
3974042,36,968.0,25.099800796022265,7920
3952144,49,1056.0,41.08527716834828,11816
3960100,49,1012.0,36.61966684720111,9387
3904576,25,1152.0,30.886890422961002,4770
3800550,9,800.0,32.2490309931942,3120
4004001,49,1092.0,29.5296461204668,12523
3933810,36,924.0,39.20459156782532,9222
3884441,25,270.0,29.732137494637012,4420
4024036,64,1552.0,38.58756276314948,11912
3946026,36,968.0,36.180105030251084,7854
3892729,36,1152.0,35.93048844644336,15126
4024036,64,2598.0,40.422765862815474,13072
3952144,49,992.0,31.304951684997057,11998
3733573,49,1152.0,36.22154055254967,17178
3876961,36,336.0,34.87119154832539,7296
4028049,64,1134.0,37.66961640367472,11352
3900625,36,0.0,31.304951684997057,5880
4000000,36,880.0,27.730849247724095,9438
4016016,36,2232.0,34.02939905434711,14658
3992004,64,2210.0,34.92849839314596,18896
3786000,100,1760.0,39.0,27750
3920400,64,2592.0,44.87761134463375,16112
3980025,49,2163.0,34.84250278036869,17640
3951948,36,922.0,38.65229618017538,8964
3745950,25,205.0,24.819347291981714,3080
3992004,36,786.0,28.089143810376278,8790
4014012,64,2640.0,40.36087214122113,13032
3833764,25,275.0,30.199337741083,4560
4022030,49,2346.0,39.395431207184416,10864
4006002,49,1210.0,37.815340802378074,10010
3996001,36,880.0,27.0,8748
3873024,36,1104.0,38.57460304397182,8928
4016016,49,1040.0,27.748873851023216,11074
3880900,16,1320.0,29.393876913398138,3456
4020025,25,744.0,27.09243436828813,9190
3979856,25,264.0,28.5657137141714,4080
3792750,16,240.0,32.984845004941285,6116
4032064,81,4044.0,47.70744176750625,20484
3744000,25,338.0,32.817678162843876,5385
4028049,64,2367.0,40.124805295477756,17288
4008004,49,1152.0,37.53664875824692,9863
4016016,25,1152.0,33.37663853655727,5570
3861225,25,1030.0,32.7566787083184,5365
4032064,100,2016.0,49.01020301937138,24020
3936256,36,1032.0,35.09985754956849,7392
3972049,36,3680.0,37.94733192202055,8640
3802500,36,1476.0,38.57460304397182,8928
4012009,49,786.0,28.407745422683583,10563
3973910,25,264.0,29.068883707497267,4225
4024036,100,1923.0,37.76241517699841,29450
3849444,36,296.0,37.82856063875548,8586
3869089,25,288.0,29.866369046136157,4460
3841600,49,882.0,36.45545226711637,9303
3859170,25,908.0,42.17819341792628,8895
4028049,49,1980.0,39.433488306260706,10885
3753750,36,384.0,28.071337695236398,7416
3996001,49,900.0,29.546573405388315,11557
3868248,25,273.0,29.765752132274432,4430
4012009,36,1088.0,41.23105625617661,10200
3800550,36,315.0,34.17601498127012,11076
3833764,25,902.0,35.38361202590826,9600
3853369,16,1040.0,32.984845004941285,4352
3829849,16,2304.0,36.90528417449187,5448
4024036,36,880.0,36.24913792078372,7884
3964081,36,992.0,35.9722114972099,7764
4024035,49,1016.0,35.6931365951495,8918
4028049,49,2862.0,41.09744517606904,11823
4032064,81,2655.0,40.50925820105819,14769
3798600,49,249.0,24.839484696748443,7553
3837681,25,308.0,31.368774282716245,4920
3744000,16,308.0,30.983866769659336,3840
3810304,25,1008.0,32.31098884280702,5220
3913532,25,240.0,32.046840717924134,8165
3948169,36,1102.0,33.71943060017473,6822
3853369,36,364.0,37.14835124201342,8280
3944196,36,1156.0,35.4400902933387,7536
3904576,25,1056.0,33.793490497431605,5710
3901950,36,1152.0,46.45427859734774,12948
4010006,64,2424.0,40.36087214122113,13032
3932289,36,968.0,32.863353450309965,6480
3972049,49,1968.0,37.04051835490427,18522
4024036,49,968.0,27.16615541441225,10437
3976036,36,796.0,30.397368307141328,10164
3772440,25,0.0,26.153393661244042,5400
4022030,36,880.0,26.5329983228432,8532
4024036,49,1144.0,36.069377593742864,9107
3954126,49,1084.0,35.156791662493895,14651
3869089,25,270.0,32.7566787083184,5365
4022030,49,1344.0,38.80721582386451,10542
3869089,49,954.0,36.52396473549935,9338
3944196,49,312.0,35.98610843089316,9065
3838710,49,912.0,25.92296279363144,9408
3810304,25,240.0,27.055498516937366,3660
4032064,64,2712.0,38.31448812133603,11744
3900625,36,880.0,32.69556544854363,6414
3900625,25,998.0,32.2490309931942,5200
3853369,25,308.0,31.606961258558215,4995
4002000,49,1078.0,36.72873534441391,9443
3960100,49,1000.0,37.97367509209505,10094
3792750,16,220.0,27.331300737432898,2988
4034072,64,2520.0,39.72404813208241,12624
3825936,25,308.0,29.698484809834994,4410
4008004,49,796.0,38.87158345115362,10577
3857296,36,960.0,33.58571124749333,6768
3917958,49,990.0,36.22154055254967,9184
3888784,25,264.0,25.099800796022265,6510
4014012,81,2874.0,51.92301994298868,24264
4028049,49,968.0,25.059928172283335,9492
4032064,81,2508.0,33.61547262794322,19656
3904576,49,966.0,33.13608305156178,13748
3960100,64,968.0,36.345563690772494,10568
4018020,64,1050.0,40.570925550201586,13168
3932289,49,1196.0,35.4964786985977,8820
3859929,25,968.0,30.430248109405877,6580
3823820,25,720.0,27.712812921102035,7160
3989994,49,998.0,32.07802986469088,13706
4004001,64,1044.0,42.28474902373195,14304
4036081,64,1104.0,28.844410203711913,15480
3794604,36,800.0,35.66510900025401,11814
4012009,49,868.0,29.103264421710495,13902
4038090,49,1040.0,34.84250278036869,8498
4026042,64,1100.0,36.6333181680284,10736
3904576,64,1330.0,53.83307533477908,23184
4008004,64,1932.0,29.631064780058107,16032
3755700,36,180.0,31.400636936215164,5916
3763500,49,280.0,33.28663395418648,7756
3734250,9,2808.0,26.343879744638983,3642
3880900,64,1242.0,47.085029467974216,17736
3865156,36,864.0,39.68626966596886,13206
4022030,49,794.0,34.92849839314596,8540
3865640,49,720.0,26.248809496813376,9646
3903676,16,308.0,30.495901363953813,3720
3833764,25,264.0,31.432467291003423,4940
4022030,64,2676.0,44.31703961232068,15712
4022030,49,1048.0,35.63705936241092,8890
3916441,25,1056.0,33.46640106136302,11200
3978030,64,956.0,38.65229618017538,11952
3829849,25,331.0,36.932370625238775,6820
4000000,81,2208.0,38.41874542459709,19377
3744000,16,570.0,29.949958263743873,5344
4014012,49,794.0,27.568097504180443,11592
3980025,36,946.0,28.19574435974337,8994
3982020,64,2430.0,38.600518131237564,22352
3904576,36,1102.0,33.436506994600975,12180
3845521,36,1050.0,35.41186241925155,7524
4008004,64,1172.0,33.03028912982749,15912
3825936,25,968.0,43.56604182158393,9490
3865156,25,360.0,31.432467291003423,4940
3912123,49,968.0,42.43819034784589,12607
3904576,25,968.0,30.59411708155671,9360
4004001,64,1120.0,39.1279950930277,19512
3998000,64,1120.0,29.765752132274432,14112
3926070,25,1768.0,34.64101615137755,6000
3888784,36,264.0,22.22611077089287,6180
3990006,49,1290.0,32.51153641401772,14238
4012009,49,956.0,37.48332962798263,9835
3825936,16,284.0,35.05709628591621,4916
4012009,49,1220.0,31.496031496047245,13524
3898230,36,988.0,36.0416425818802,7794
4026042,49,1944.0,37.44329045369811,9814
4022030,49,914.0,38.781438859330635,10528
3833764,36,301.0,37.97367509209505,8652
3998000,49,1172.0,30.83828789021855,12453
4022030,64,3129.0,32.89376840679705,15624
4008004,49,1058.0,29.5296461204668,13363
4018020,49,872.0,29.46183972531247,11410
3740100,25,280.0,26.19160170741759,6250
3853369,36,1056.0,36.4417343165772,7968
3802500,25,276.0,31.432467291003423,4940
3818116,36,240.0,29.223278392404914,7668
4020025,36,1230.0,29.29163703175362,10296
3757510,4,216.0,22.315913604421397,996
3912484,49,5256.0,37.68288736283355,19880
3880900,36,280.0,21.97726097583591,5922
3757650,16,880.0,27.49545416973504,3024
4010006,64,2103.0,41.376321731154405,13696
3908529,36,880.0,32.69556544854363,6414
4026042,49,1150.0,36.53765181289022,9345
4014012,64,1176.0,38.961519477556315,12144
4028049,64,1224.0,30.331501776206203,14240
3724500,16,264.0,29.427877939124322,5936
3734250,25,416.0,31.080540535840107,8260
3960100,49,1128.0,35.651086939951774,17521
3934140,64,1076.0,44.721359549995796,21632
3978030,64,968.0,39.89987468652001,12736
4012009,49,800.0,27.459060435491963,9758
3753750,16,210.0,28.460498941515414,5312
4006002,64,1364.0,39.91240408695021,12744
3744000,16,0.0,26.832815729997478,2880
3857296,25,288.0,30.199337741083,4560
4012009,64,800.0,38.157568056677825,11648
3818510,49,216.0,35.66510900025401,13608
3940225,64,1056.0,38.7556447501522,12016
4020025,64,1054.0,32.77193921634788,16512
3759600,25,225.0,32.28002478313795,7880
3982020,36,862.0,27.80287754891569,9948
3861930,9,371.0,26.70205984563738,2139
3776220,49,1408.0,39.698866482558415,17878
4016016,49,800.0,27.27636339397171,9618
4028049,64,2604.0,38.49675310984031,20592
3904576,36,880.0,28.35489375751565,9288
3938000,25,1008.0,37.469987990390386,7020
3857296,25,960.0,26.832815729997478,7200
3978030,64,964.0,42.46174749112429,14424
3805700,25,0.0,35.66510900025401,11000
3984016,49,944.0,36.08323710533743,14259
3794700,16,280.0,29.93325909419153,3584
3836525,16,1160.0,29.068883707497267,5124
3992004,64,2655.0,32.848135411313685,15808
3988009,36,940.0,30.740852297878796,9648
3814209,25,616.0,34.785054261852174,6050
3894150,25,363.0,32.09361307176243,8060
3913812,25,371.0,34.87119154832539,8640
4022030,64,1926.0,33.66006535941367,19856
3933720,49,1010.0,45.48626166217664,14483
3841600,36,996.0,38.44476557348217,8868
4014012,49,1232.0,28.39013913315678,12068
3992004,49,1182.0,37.749172176353746,9975
3784928,25,280.0,29.9833287011299,6610
3743000,49,1152.0,29.120439557122072,9996
3837681,36,312.0,34.55430508634199,7164
4028049,64,2322.0,29.916550603303182,14544
4016016,64,2748.0,41.44876355212541,23648
3900625,36,1056.0,34.785054261852174,7260
3888784,25,980.0,31.63858403911275,8205
3898378,25,1500.0,32.449961479175904,5265
3986012,49,1152.0,32.61901286060018,14875
4020025,36,1050.0,32.7414110874898,6432
3912484,36,1232.0,40.792156108742276,9984
3996001,49,1022.0,36.565010597564445,9359
3912484,64,968.0,35.014282800023196,9808
3888784,16,253.0,23.366642891095847,4368
3858330,36,240.0,29.13760456866693,9960
3928308,36,968.0,40.87786687193939,10026
3962090,49,924.0,32.57299494980466,7427
3874180,25,240.0,25.92296279363144,3360
3900625,25,956.0,40.26164427839479,8105
4028049,64,2784.0,41.641325627314025,13872
3729570,25,720.0,32.78719262151,10690
3759600,36,2385.0,36.565010597564445,12054
3837681,16,0.0,35.0,4900
3845521,36,1008.0,36.90528417449187,8172
3783000,25,240.0,27.49545416973504,5670
4012009,49,968.0,36.90528417449187,14574
3833764,25,315.0,29.563490998188964,7620
3845521,25,0.0,42.42640687119285,9000
3994002,64,2274.0,37.5632799419859,20656
3992004,49,1196.0,40.755367744629666,11627
3853692,25,1056.0,32.7414110874898,7880
3825936,16,288.0,30.983866769659336,3840
3990006,36,940.0,30.430248109405877,9624
3747900,1,0.0,30.066592756745816,904
3840000,36,1056.0,26.153393661244042,7176
3875805,9,0.0,27.0,2187
4022030,36,920.0,36.90528417449187,8172
3726450,25,0.0,32.0,9820
3869089,16,1032.0,36.0,5184
3968064,25,880.0,24.979991993593593,6435
3798828,25,1152.0,30.59411708155671,6260
4024036,81,2364.0,43.64630568559039,17145
3744000,25,1440.0,33.61547262794322,5650
4016016,49,968.0,28.827070610799147,11613
3818116,16,800.0,29.899832775452108,3576
3744000,16,0.0,33.18132004607411,6804
3765234,16,0.0,29.478805945967352,3476
3908529,25,1356.0,31.74901573277509,5040
3822025,9,904.0,41.6293165929973,5199
3869089,25,880.0,39.59797974644666,7840
3982020,64,1998.0,45.31004303683677,25904
3992004,36,984.0,30.463092423455635,10632
3869089,25,312.0,29.393876913398138,4320
3794700,36,240.0,29.866369046136157,9834
3944096,64,1662.0,34.27827300200522,21720
3771300,25,226.0,26.210684844162312,5560
3829849,25,1102.0,36.701498607005135,6735
3845521,25,1568.0,31.04834939252005,4820
3944115,36,1238.0,39.26830783214372,17232
3968064,36,800.0,34.161381705077446,7002
3916441,49,956.0,39.03844259188627,10668
3920400,25,1344.0,30.59411708155671,4680
4028049,49,2376.0,35.805027579936315,18872
3845472,16,1218.0,38.49675310984031,5928
3957804,25,792.0,27.712812921102035,3840
4034072,64,2694.0,38.31448812133603,11744
3873024,25,744.0,32.31098884280702,5220
3814209,25,312.0,32.18695387886216,5180
3825730,25,330.0,26.076809620810597,6800
3829849,36,916.0,37.30951621235526,8352
3990006,49,1152.0,31.22498999199199,13650
3990006,49,3136.0,36.66060555964672,9408
3884841,25,974.0,38.52272056851645,7420
4014012,49,1166.0,41.95235392680606,12320
3998000,49,800.0,32.202484376209235,16254
3940225,64,1128.0,41.737273509418415,13936
3784950,25,240.0,31.11269837220809,6880
3865156,25,968.0,32.95451410656816,5430
3807092,25,180.0,28.42534080710379,8280
4028049,64,2814.0,46.06517122512408,16976
3755700,25,0.0,31.74901573277509,7610
3884841,49,1250.0,41.182520563948,11872
4030056,64,2508.0,32.4037034920393,16624
3850704,25,1132.0,33.1058907144937,7330
3806401,25,1152.0,29.597297173897484,4380
4024036,49,1156.0,29.171904291629644,12159
4026042,49,2133.0,40.76763422127902,11634
4008004,36,780.0,31.78049716414141,13602
3869089,25,1012.0,39.7994974842648,7920
3794700,1,0.0,18.275666882497067,334
3747900,16,0.0,28.21347195933177,3184
4008004,49,938.0,30.854497241083024,12684
3888784,36,264.0,22.9128784747792,6552
3869089,25,1152.0,40.39801975344831,8160
3782400,49,1344.0,41.0731055558257,21574
4028049,49,1124.0,28.6705423736629,11655
3873024,36,1078.0,32.264531609803356,10458
4014012,64,1104.0,32.7414110874898,16384
4030056,49,1252.0,36.24913792078372,9198
4012009,49,956.0,37.48332962798263,9835
3851520,49,0.0,32.046840717924134,7189
3829120,25,180.0,27.2213151776324,6620
3874650,36,467.0,32.77193921634788,6444
3920300,25,1152.0,37.70941526992961,7110
3749850,36,312.0,34.64101615137755,7200
3835280,49,1248.0,30.495901363953813,11830
3944115,36,984.0,34.813790371058424,7272
3829849,36,308.0,33.24154027718932,6630
3888784,16,253.0,23.366642891095847,4368
4020025,36,968.0,36.851051545376556,8148
4008004,64,862.0,31.51190251317746,15264
3992004,36,1092.0,29.698484809834994,10776
3845521,25,0.0,42.42640687119285,9000
3830750,36,216.0,34.058772731852805,9648
3938168,16,980.0,40.24922359499622,6480
3784950,25,200.0,24.819347291981714,5555
3996001,49,880.0,27.51363298439521,10507
4028049,25,1122.0,26.92582403567252,7940
3845521,25,960.0,35.14256678161116,6175
3905740,25,1152.0,36.40054944640259,6625
4000000,64,2304.0,34.713109915419565,17872
3986012,49,1066.0,36.138621999185304,15820
3951855,25,288.0,24.0,5545
3853369,25,1150.0,31.622776601683793,5000
3920400,36,924.0,23.0,6270
3931664,25,0.0,29.29163703175362,4290
3990006,36,1044.0,36.565010597564445,8022
3833764,16,872.0,28.948229652260256,5260
4024036,36,854.0,36.41428291206625,7956
4020025,49,960.0,22.80350850198276,8400
4012009,36,840.0,29.120439557122072,5088
3888784,25,336.0,28.21347195933177,3980
3908529,25,1062.0,26.758176320519304,7160
3834240,25,468.0,25.92296279363144,6720
4018020,49,864.0,26.758176320519304,10024
4020025,49,968.0,36.932370625238775,9548
3861225,25,310.0,31.368774282716245,4920
3837681,25,308.0,29.393876913398138,4320
4024036,81,1112.0,40.149719799769464,14508
3936256,36,1176.0,31.670175244226233,6018
3802500,25,246.0,34.64101615137755,6000
4022030,49,948.0,36.98648401781386,9576
3802500,25,788.0,40.496913462633174,8200
3990006,36,2163.0,42.871902220452036,11028
3912484,36,880.0,29.24038303442689,8736
3806630,36,216.0,26.153393661244042,8208
3792750,36,220.0,28.24889378365107,8922
3857454,16,240.0,28.21347195933177,4616
3929964,25,1056.0,31.937438845342623,5100
3705000,25,352.0,29.816103031751148,7200
4020025,36,960.0,24.49489742783178,7416
3796650,36,840.0,31.68595903550972,9984
3841600,16,312.0,33.166247903554,4400
3857296,36,860.0,38.57460304397182,8928
3786900,25,240.0,30.903074280724887,7265
3962090,49,1438.0,37.97367509209505,10094
3869089,25,280.0,30.0,4500
3853369,36,264.0,32.32645975048923,6270
4008004,36,1086.0,37.66961640367472,8514
3888720,25,1144.0,38.1051177665153,7260
3924037,25,960.0,38.262252939417984,7320
4026042,81,2274.0,41.78516483155236,15714
3763500,25,960.0,30.463092423455635,7680
4020025,49,1320.0,41.641325627314025,12138
4026042,64,2724.0,44.45222154178574,15808
4004001,49,1146.0,34.813790371058424,8484
3873024,25,288.0,32.43454948045371,5260
3849444,25,1152.0,32.51153641401772,5285
3814209,36,305.0,32.68026927673638,9654
3792750,49,252.0,34.56877203488721,11676
3900625,25,280.0,30.397368307141328,4620
3920400,36,924.0,23.68543856465402,7374
3825936,16,0.0,29.698484809834994,3528
4026042,49,932.0,36.76955262170047,9464
3873024,25,300.0,30.789608636681304,4740
3845521,25,440.0,29.393876913398138,4320
3922380,49,450.0,29.664793948382652,11900
3833764,25,350.0,35.7211421989835,6380
3976036,49,1068.0,40.32369030731191,11382
3800550,4,308.0,21.908902300206645,960
3900625,36,0.0,31.811947441173732,6072
3936256,25,968.0,29.816103031751148,4445
3908529,36,1084.0,33.421549934136806,6702
4018020,64,2073.0,33.645207682521445,19616
3959739,49,1102.0,48.63126566315131,16555
3945720,25,1152.0,30.199337741083,4560
4024036,64,1944.0,39.585350825778974,12536
3822025,25,1144.0,36.87817782917155,6800
4000000,36,880.0,27.730849247724095,9150
3763500,25,0.0,27.92848008753788,6000
4016016,49,246.0,32.7566787083184,7511
3873024,25,336.0,34.044089061098404,5795
3822025,16,352.0,32.2490309931942,6160
3908529,25,308.0,29.899832775452108,4470
4000000,49,1326.0,28.53068523537421,11718
3880900,16,286.0,23.366642891095847,4368
3896676,36,968.0,37.815340802378074,8580
3912484,36,1232.0,32.2490309931942,6240
4026042,49,2520.0,38.65229618017538,10458
3853369,25,880.0,32.78719262151,5375
3943835,25,294.0,31.496031496047245,4960
3972049,64,2388.0,36.76955262170047,20160
3853369,36,294.0,33.85262175962151,6876
3997970,64,2133.0,41.060930335295616,19584
4020025,49,2808.0,32.03123475609393,13706
3880900,16,0.0,25.099800796022265,2520
3896676,25,0.0,29.93325909419153,8960
4020025,81,1112.0,39.56008088970496,14085
4022030,64,2640.0,39.93745109543172,12760
3982020,16,1256.0,40.98780306383839,6720
3869089,36,960.0,32.2490309931942,6240
3980025,64,2256.0,36.4417343165772,20248
3986012,64,2799.0,36.53765181289022,20304
3892729,36,264.0,21.97726097583591,5922
3996001,36,1060.0,28.982753492378876,10530
3814209,25,1272.0,33.94112549695428,5760
4012009,49,1162.0,31.874754901018456,13188
3968064,49,1128.0,32.57299494980466,13461
4008004,49,3693.0,40.13726448077895,11277
3959904,25,1056.0,37.907782842049734,7185
3972049,49,946.0,33.03028912982749,14525
4024036,49,2070.0,40.8656334834051,11690
4026042,64,2682.0,46.26013402488151,17120
3928035,25,1004.0,35.566838487557476,6325
3880324,25,0.0,40.44749683231337,15430
3724500,9,0.0,24.49489742783178,2904
4004001,64,942.0,36.22154055254967,10496
4000000,49,3280.0,34.17601498127012,19509
4012009,49,866.0,29.103264421710495,12131
3783000,36,1440.0,26.832815729997478,7290
4032064,81,2781.0,41.7492514902962,15687
3961908,25,308.0,32.03123475609393,5130
3936247,81,2682.0,42.91852746774987,16578
3910350,49,972.0,34.438350715445125,13902
4024036,49,1264.0,34.75629439396553,8456
4016016,49,1252.0,37.70941526992961,9954
3806401,16,792.0,34.92849839314596,4880
3908529,25,1080.0,33.555923471125034,5630
3913956,25,1792.0,37.20215047547655,6920
3904576,36,960.0,33.57082066318904,6762
3853288,36,325.0,34.87119154832539,11130
3910234,25,288.0,35.156791662493895,6180
3996001,64,2568.0,35.608987629529715,18920
3904512,36,1238.0,38.88444419044716,15924
3984016,64,2361.0,35.156791662493895,18720
3950156,25,0.0,34.64101615137755,6000
4028049,49,1080.0,26.514147167125703,9744
3734250,36,1440.0,33.734255586866,13080
3955977,36,960.0,40.124805295477756,9660
3944196,49,1024.0,38.742741255621034,10507
3845521,16,261.0,32.07802986469088,4116
3833764,25,288.0,36.76955262170047,6760
3783000,25,758.0,32.7414110874898,5360
4024036,100,2208.0,43.01162633521314,26980
3849444,25,252.0,30.199337741083,4560
3822025,16,0.0,33.94112549695428,4608
3772800,49,288.0,27.018512172212592,10150
3780528,25,326.0,32.7566787083184,5365
3869089,25,1024.0,38.18376618407357,7290
4024036,49,1132.0,38.54867053479276,10402
3845521,25,384.0,30.066592756745816,8870
3876961,25,275.0,29.393876913398138,7395
4024036,64,1020.0,38.781438859330635,12032
4010006,49,1020.0,28.705400188814647,13258
4024036,64,1168.0,35.749125863438955,10224
3992004,64,840.0,34.132096331752024,18104
4000000,49,3280.0,34.17601498127012,19509
4008004,49,806.0,26.589471600616662,9898
3910324,36,309.0,36.08323710533743,7812
4008004,64,1054.0,27.910571473905726,11352
3884841,36,1888.0,34.92849839314596,7320
3944196,36,1002.0,34.38022687534217,11892
4012009,36,840.0,29.120439557122072,5088
4030056,64,964.0,40.59556626036888,13184
3956121,64,924.0,36.565010597564445,10696
3783000,25,410.0,33.54101966249684,8585
3829848,25,384.0,33.2264954516723,5520
3912484,25,343.0,30.116440692751194,4535
4000000,49,1064.0,27.964262908219126,11564
3928099,36,1030.0,35.651086939951774,15840
3783000,25,240.0,27.110883423451916,5170
3916441,25,800.0,38.897300677553446,7565
4022030,64,2532.0,38.704004960727254,11984
3853369,25,1384.0,32.449961479175904,5265
3818116,36,904.0,35.958309192730404,7758
4032064,81,2688.0,44.94441010848846,18180
3920076,49,882.0,43.58898943540674,17136
3940225,36,952.0,31.25699921617557,10392
4024036,64,1100.0,36.38681079732051,10592
3788310,4,1560.0,28.844410203711913,1664
3982020,49,804.0,35.397740040855716,8771
4024036,81,2520.0,35.34119409414458,23364
3869089,25,288.0,30.033314835362415,4510
3956121,36,876.0,38.66522985836241,8970
4028049,64,1188.0,39.7994974842648,12672
4018020,49,0.0,32.863353450309965,7560
3814209,16,280.0,40.58324777540605,6588
4026042,49,1944.0,35.4682957019364,8806
3835745,36,384.0,26.419689627245813,8376
3873510,25,216.0,31.63858403911275,5005
4026042,81,2196.0,46.05431575867782,19089
3744000,36,207.0,32.31098884280702,8880
4024036,64,2475.0,39.84971769034255,12704
3929754,25,312.0,32.449961479175904,5265
3745950,9,200.0,22.181073012818835,1476
3876961,49,1012.0,43.02324952859791,12957
3762975,36,308.0,27.459060435491963,8418
3833764,36,264.0,33.734255586866,6828
4012009,81,2658.0,49.51767361255979,22068
3969816,25,968.0,32.2490309931942,5200
3974042,36,880.0,27.622454633866266,9930
3896676,36,1056.0,33.406586176980134,6696
4024036,49,1980.0,29.647934160747187,13041
3968064,36,924.0,32.48076353782343,11070
3829849,25,292.0,34.292856398964496,5880
3947728,25,416.0,29.866369046136157,4460
3831460,25,280.0,31.96873472629156,5110
3806401,25,1056.0,46.216880033165374,10680
3992004,36,944.0,30.430248109405877,9624
3734250,36,216.0,29.0,9882
3935727,25,420.0,29.393876913398138,4320
3900625,25,1152.0,32.802438933713454,5380
3782800,25,308.0,27.910571473905726,4675
4014012,49,956.0,28.89636655359978,11641
3841500,25,308.0,27.712812921102035,6640
3982020,36,746.0,28.39013913315678,9432
3781050,36,240.0,29.563490998188964,8052
3884841,36,1152.0,31.32091952673165,5886
4001970,25,352.0,33.15116890850155,5495
3991988,49,926.0,34.95711658589707,14770
3896676,36,1056.0,32.03123475609393,6156
4004001,81,1176.0,37.66961640367472,12771
4038090,81,2460.0,48.620983124572874,21276
3984016,25,1152.0,32.2490309931942,5200
3968064,64,1012.0,35.77708763999664,10240
4018020,64,2556.0,33.80828300875393,19784
3876120,49,224.0,28.24889378365107,9114
3865156,25,264.0,33.04542328371661,5460
3825936,36,1242.0,34.46737587922817,7128
3849444,49,1056.0,32.32645975048923,7315
3865156,36,968.0,33.06055050963308,6558
4016016,36,1040.0,28.24889378365107,9840
3849444,16,924.0,34.9857113690718,4896
3885552,49,1152.0,23.979157616563597,7945
3753750,25,264.0,32.83291031876401,5390
3825936,16,331.0,31.11269837220809,3872
4018020,81,2214.0,38.23610858861032,20016
3802500,9,800.0,32.2490309931942,3120
3996001,49,1176.0,29.698484809834994,12530
3832468,36,1344.0,37.72267222772003,15330
3869650,36,270.0,28.513154858766505,4878
4004001,64,1062.0,36.0416425818802,14976
3825936,25,338.0,32.4037034920393,5250
3974042,81,2877.0,43.965895873961216,31500
3818116,16,248.0,30.789608636681304,3792
3755700,25,1152.0,30.983866769659336,6580
3888735,36,1192.0,38.27531841800928,14280
3919724,36,1848.0,40.496913462633174,9840
4020025,36,960.0,24.49489742783178,7200
3826560,36,180.0,25.729360660537214,7944
4026042,64,1004.0,39.54743986657038,12512
4034072,81,2460.0,44.339598554790726,28260
3849444,36,1152.0,40.13726448077895,14916
3988009,36,1200.0,29.5296461204668,10626
4018020,64,2586.0,42.8485705712571,14688
4014012,64,2196.0,39.68626966596886,12600
3880900,16,0.0,25.099800796022265,2520
3894592,36,880.0,37.3496987939662,8370
3763500,49,200.0,22.40535650240808,7028
4018020,49,968.0,42.8485705712571,12852
3841600,25,900.0,38.67815921162743,7480
3939901,25,900.0,29.899832775452108,4470
3912484,25,0.0,32.2490309931942,5200
3844077,25,0.0,30.692018506445613,9140
3909856,25,280.0,31.74901573277509,5040
3822025,16,1056.0,29.393876913398138,3456
4024036,64,944.0,38.52272056851645,11872
3763500,36,160.0,28.106938645110393,4740
3908529,25,1134.0,30.757112998459398,9670
3837681,25,300.0,33.91164991562634,5750
4030056,64,1456.0,39.774363602702685,17216
3784950,16,234.0,25.92296279363144,2688
3980025,64,2433.0,38.87158345115362,12088
3792750,25,240.0,28.160255680657446,3965
3900625,36,352.0,33.1058907144937,6576
4028049,64,2358.0,30.95157508108432,16800
3792750,25,288.0,32.37282811247729,7790
3833764,36,1036.0,40.620192023179804,9900
4028049,64,1968.0,30.789608636681304,16704
4022030,36,800.0,27.712812921102035,9216
3853333,36,928.0,41.48493702538308,10326
3912484,36,880.0,28.35489375751565,9288
3916441,36,264.0,30.298514815086232,5508
4036081,81,2592.0,36.945906403822335,24210
3998000,36,920.0,30.870698080866262,9882
3818116,25,350.0,28.722813232690143,4125
3880900,36,968.0,40.70626487409524,9942
3784950,16,0.0,28.071337695236398,3152
3970056,64,2664.0,38.98717737923585,22608
3873024,25,280.0,29.393876913398138,4320
4022030,49,1152.0,37.30951621235526,17234
3929754,25,1152.0,35.874782229304195,6435
4036081,49,968.0,38.44476557348217,10346
4012009,49,786.0,26.419689627245813,9394
3864480,25,240.0,28.35489375751565,4020
3849444,25,264.0,29.597297173897484,9060
4000000,49,1108.0,31.304951684997057,15792
4030056,64,1050.0,40.59556626036888,13184
3876961,36,1152.0,33.04542328371661,12672
4016016,49,1236.0,30.919249667480614,14588
3751800,36,280.0,32.12475680841802,6192
3982020,36,840.0,26.076809620810597,8820
3908529,25,1496.0,32.2490309931942,5200
3781050,25,240.0,29.732137494637012,4420
3984016,25,242.0,33.12099032335839,5485
3747900,25,0.0,29.393876913398138,4320
3900625,36,920.0,29.24038303442689,8736
3771300,36,1056.0,28.5657137141714,7056
3869089,25,288.0,30.675723300355934,4705
4032064,64,964.0,40.64480286580315,13216
3893646,49,252.0,34.46737587922817,16380
3992004,49,792.0,27.40437921208944,9674
3873024,25,384.0,31.74901573277509,5040
4028049,36,880.0,24.657656011875904,8376
3922108,36,1078.0,29.068883707497267,12924
4014012,64,2190.0,33.24154027718932,19200
3765450,49,240.0,35.014282800023196,12726
4018020,49,1100.0,41.352146256270665,11970
3822025,25,288.0,33.91164991562634,5750
3884792,36,1080.0,33.57082066318904,11862
3962090,36,1084.0,36.49657518178932,7992
3857296,25,1008.0,36.02776706930364,6490
4024036,64,2685.0,44.41846462902562,15784
3892729,36,880.0,22.9128784747792,6552
3994002,64,2223.0,32.18695387886216,15328
3802500,25,357.0,35.185224171518364,6190
4004001,49,1244.0,30.72458299147443,12880
3847680,25,180.0,30.643106892089126,7565
3823224,25,288.0,33.80828300875393,5715
3932289,36,1152.0,36.578682316343766,8028
3880900,16,926.0,29.393876913398138,3456
3908529,49,1068.0,34.07345007480164,13783
4028049,49,776.0,35.58089374931439,8862
3838158,25,1242.0,31.464265445104548,13005
3857296,25,0.0,30.199337741083,4560
3906172,25,1056.0,37.30951621235526,6960
3829849,25,968.0,42.708313008125245,9120
4002000,49,1252.0,30.463092423455635,12761
4018020,64,1050.0,40.570925550201586,13168
3880900,16,0.0,23.366642891095847,4368
3861225,25,1152.0,41.569219381653056,8640
4008004,49,1088.0,39.66106403010388,11011
3783000,49,800.0,35.21363372331802,17360
3998000,64,964.0,36.61966684720111,10728
3695250,16,185.0,28.722813232690143,5444
3798600,16,960.0,28.142494558940577,4480
3912484,64,968.0,35.014282800023196,9808
4034072,81,3060.0,41.641325627314025,25398
3811500,36,880.0,33.21144381083123,6618
3841600,36,1244.0,34.336569426778794,7074
3909576,25,0.0,26.419689627245813,3490
4014012,49,2613.0,31.71750305430741,14322
3849444,36,980.0,29.29163703175362,10296
4016016,49,956.0,29.512709126747414,12684
3957928,25,1004.0,34.322004603461025,5890
3742050,49,288.0,28.600699292150182,11452
3802500,16,528.0,29.393876913398138,3456
3996001,49,944.0,39.84971769034255,11116
4016016,64,2238.0,37.76241517699841,15312
3950000,36,970.0,33.301651610693426,11250
3899896,9,308.0,26.057628441590765,3549
3968064,36,1056.0,28.861739379323623,10380
4026042,49,1056.0,25.0,8750
3956121,36,1012.0,36.235341863986875,15354
4016016,49,776.0,39.344631145812,10836
3812360,25,0.0,25.65151067676132,5920
4024036,64,2784.0,40.8656334834051,13360
3954132,49,908.0,34.351128074635334,14434
3841600,25,312.0,29.899832775452108,4470
3909750,36,271.0,33.34666400106613,10008
4032064,81,2622.0,42.02380277890139,15894
4028049,36,1144.0,27.712812921102035,8976
4022030,49,1224.0,37.416573867739416,9800
3861225,25,1098.0,28.722813232690143,10700
3867489,16,216.0,31.11269837220809,3872
4018020,49,1012.0,38.57460304397182,10416
4028049,49,776.0,35.58089374931439,8862
3848483,25,180.0,29.58039891549808,4375
3940144,36,1024.0,33.075670817082454,11130
3964032,49,880.0,40.26164427839479,11347
4022030,49,2634.0,40.17461885320133,11298
3920400,36,283.0,25.099800796022265,7596
4020025,64,2634.0,32.218007387174026,16784
3996001,49,980.0,31.701734968294716,13881
3837681,25,288.0,34.39476704383968,5915
3884841,36,264.0,22.9128784747792,6552
4024036,81,2082.0,45.48626166217664,23787
4028049,64,1980.0,40.74309757492672,13280
3902000,25,1152.0,30.0,4500
3920400,36,924.0,23.68543856465402,7374
4028049,49,1156.0,29.563490998188964,12327
4032064,64,2328.0,41.15823125451335,13552
3744000,25,0.0,24.979991993593593,6240
3744000,25,366.0,28.89636655359978,4175
3968064,36,1002.0,32.848135411313685,11718
3706950,25,240.0,30.54504869860253,5865
3912084,36,297.0,34.85685011586675,7290
3914156,36,288.0,30.199337741083,5472
3859704,36,180.0,30.066592756745816,5424
3850900,36,423.0,31.352830813181765,10500
4016016,36,796.0,29.393876913398138,9558
3970056,64,1034.0,33.24154027718932,17616
4020025,49,800.0,36.193922141707716,9170
3818116,16,280.0,30.789608636681304,3792
4026042,64,1384.0,38.05259518088089,11584
3900625,49,1152.0,39.153543900903784,10731
4026042,64,952.0,39.56008088970496,12520
3904576,25,1144.0,32.55764119219941,5300
3978030,25,1344.0,31.464265445104548,4950
4006002,64,2244.0,42.2729227756965,14296
3802500,9,800.0,32.2490309931942,3120
3818116,25,252.0,33.0,5445
3744000,16,576.0,29.34280150224242,3444
3846076,25,260.0,36.0,6480
3984016,49,1054.0,41.47288270665544,12040
3967943,49,968.0,26.92582403567252,10353
3865156,25,264.0,32.2490309931942,5200
4000000,81,2061.0,39.153543900903784,19548
3899896,36,240.0,31.176914536239792,5832
4020025,36,800.0,26.981475126464083,8736
3825936,25,1152.0,41.569219381653056,8640
3751800,25,392.0,30.805843601498726,6105
3996001,49,1030.0,29.257477676655586,12243
4020025,81,1128.0,39.71145930332956,14193
3982020,49,800.0,28.35489375751565,10318
3980025,36,846.0,27.94637722496424,10026
3814209,9,4164.0,45.09988913511872,6102
3781050,49,800.0,35.2845575287547,14063
3984016,25,924.0,33.166247903554,5500
3904576,25,1120.0,41.569219381653056,8640
3988009,36,920.0,30.265491900843113,9600
4026042,25,860.0,33.54101966249684,5625
4016016,49,1060.0,37.296112397943034,9737
4008004,49,870.0,29.393876913398138,13965
4022030,36,780.0,26.981475126464083,8736
3908529,36,880.0,26.419689627245813,8556
4034072,100,3462.0,71.37926869897169,50950
3880900,49,1060.0,41.012193308819754,11774
3880900,49,1052.0,35.73513677041127,8939
3904576,36,880.0,29.24038303442689,8736
3916441,25,1440.0,33.37663853655727,11140
3920400,36,288.0,25.019992006393608,7302
4022030,25,900.0,33.015148038438355,5450
3798600,25,280.0,31.654383582688826,7280
3724500,25,0.0,28.21347195933177,3980
3861225,25,922.0,34.84250278036869,6070
3865156,25,386.0,30.903074280724887,4775
4012009,36,1346.0,29.393876913398138,10368
3850650,36,1672.0,42.8485705712571,22032
3841600,36,926.0,39.50949253027682,9366
3978030,36,686.0,26.49528259898354,8886
3894052,49,820.0,28.30194339616981,10689
4012009,49,1190.0,28.24889378365107,11480
3890294,25,253.0,32.863353450309965,7400
4004001,49,1128.0,31.0322412983658,12544
3810304,25,308.0,33.88214869219483,5740
3822025,25,300.0,29.5296461204668,6965
3904576,36,1056.0,32.31098884280702,6264
3853369,25,336.0,33.823069050575526,5720
3992004,64,1184.0,32.95451410656816,15392
3996001,81,2337.0,37.70941526992961,23391
4012009,64,1896.0,31.74901573277509,18264
3802500,36,1800.0,27.65863337187866,6798
3962090,36,1084.0,37.389838191679836,8388
3886812,25,1152.0,28.460498941515414,4050
4020025,36,1248.0,36.138621999185304,7836
3784950,25,720.0,28.337254630609507,4015
3802500,25,308.0,30.166206257996713,7175
3932264,36,1000.0,45.53020975132884,12438
3767400,36,864.0,33.1058907144937,11946
3890250,16,872.0,32.66496594212215,4268
3811400,25,1152.0,26.076809620810597,5870
3964081,16,864.0,41.09744517606904,6756
3781050,36,240.0,24.657656011875904,6792
3825936,36,313.0,32.0,6144
3974042,64,1246.0,34.85685011586675,17856
3924361,36,934.0,37.94733192202055,8640
3989916,36,1080.0,40.98780306383839,10080
4030056,25,0.0,33.04542328371661,5460
3843404,25,1624.0,39.48417404479927,7795
4018020,81,2310.0,44.49719092257398,17820
3992004,64,2088.0,38.34057902536163,21040
4028049,64,2553.0,36.61966684720111,14888
3857296,16,2550.0,34.64101615137755,4800
3798600,25,1344.0,39.331920878594275,11600
4014012,64,2055.0,46.9041575982343,17600
4008004,64,1068.0,42.36744032862972,14360
3888460,25,996.0,36.013886210738214,6485
3814209,25,270.0,36.318039594669756,6595
3992004,49,1078.0,38.24918299781056,10241
3763760,49,2610.0,40.92676385936225,24451
4014012,25,1152.0,33.075670817082454,5470
4008004,36,880.0,29.32575659723036,11760
3916000,25,308.0,28.42534080710379,4040
3869089,25,1056.0,30.708305065568176,4715
4030056,49,856.0,35.298725189445584,8722
3744000,16,1056.0,26.419689627245813,4512
3929706,36,960.0,30.83828789021855,5706
3956121,49,1138.0,40.54626986542659,11508
3954132,49,2298.0,44.26059195266146,13713
4000000,36,780.0,31.96873472629156,12324
3949884,25,352.0,29.563490998188964,4370
4024036,64,1974.0,41.048751503547585,13480
3784950,16,0.0,26.324893162176366,2772
3956121,64,1196.0,32.155870381627054,8272
4022030,36,784.0,27.294688127912362,8940
4018020,64,2568.0,41.38840417314975,13704
3920400,49,1176.0,38.36665218650175,10304
4020025,49,1378.0,33.36165463522455,13797
3957838,16,297.0,22.93468988235943,3952
3845521,36,736.0,39.698866482558415,9456
3986012,49,934.0,32.63433774416144,14343
3853113,16,209.0,34.19064199455752,6124
4016016,49,968.0,36.851051545376556,9506
3912484,49,1058.0,33.97057550292606,14350
4026042,81,3330.0,48.35286961494633,21042
3801875,25,3024.0,37.30951621235526,13200
3869089,25,2376.0,39.7994974842648,7920
3971880,36,880.0,37.080992435478315,13422
3759600,49,216.0,29.614185789921695,10339
3869089,25,1034.0,38.8587184554509,7550
3990006,64,2610.0,37.5099986670221,19136
3837660,36,1344.0,34.20526275297414,10296
3922290,25,1152.0,29.46183972531247,4340
3992004,49,924.0,30.903074280724887,11424
3781050,25,205.0,32.817678162843876,5385
3814209,25,240.0,27.80287754891569,3865
3992004,49,972.0,34.56877203488721,12873
3992004,64,3207.0,36.193922141707716,19600
3806630,49,1064.0,33.704599092705436,14133
4024036,64,2595.0,40.44749683231337,13088
4018020,49,800.0,27.27636339397171,9618
4020025,25,1050.0,32.7414110874898,5360
3888784,16,0.0,25.099800796022265,2520
3919916,36,1202.0,37.603191353926334,8484
4018020,64,1272.0,41.15823125451335,13552
4004001,49,1034.0,29.068883707497267,11830
3920400,49,968.0,33.95585369269929,16471
3904576,49,319.0,32.48076353782343,7385
3957838,36,1084.0,32.48076353782343,6330
3888663,25,264.0,33.823069050575526,5720
4016016,64,2268.0,34.20526275297414,18656
3884841,36,0.0,30.199337741083,10944
4026042,25,800.0,26.68332812825267,7210
3732300,25,180.0,29.866369046136157,8920
3842910,36,1080.0,35.156791662493895,12648
3849444,25,308.0,29.899832775452108,4470
3751800,16,740.0,28.879058156387302,5720
4008004,49,948.0,30.59411708155671,12432
3954000,36,1058.0,40.024992192379,9612
3800900,36,936.0,31.480152477394387,9900
3837681,36,300.0,29.393876913398138,5184
3974042,49,906.0,33.18132004607411,15400
4030056,64,2598.0,41.352146256270665,13680
3849444,25,352.0,30.199337741083,4560
3996001,36,880.0,27.51363298439521,9006
3751800,36,398.0,29.410882339705484,7860
3892729,36,264.0,21.97726097583591,5922
3880900,16,286.0,23.366642891095847,4368
3904576,25,1056.0,40.98780306383839,8400
3884841,16,1152.0,29.563490998188964,3496
3792750,9,0.0,27.0,2187
3837681,36,1056.0,35.38361202590826,7512
4026042,64,2628.0,36.02776706930364,14624
3972049,36,1320.0,35.77708763999664,14970
4020025,36,1248.0,36.138621999185304,7836
3966072,49,1012.0,38.44476557348217,10346
3916185,25,300.0,30.199337741083,4560
3784950,4,200.0,23.2379000772445,1080
3990006,36,940.0,30.430248109405877,9624
4020025,25,800.0,27.712812921102035,7680
4000000,36,944.0,30.967725134404045,10026
4020025,49,1144.0,28.0,11277
3876961,36,1080.0,42.941821107167776,11064
4020025,49,968.0,36.9729630946723,9569
3916441,49,1100.0,32.2490309931942,12075
4024036,64,2016.0,32.46536616149585,19112
3838584,49,528.0,29.444863728670914,12026
3841600,25,0.0,39.44616584663204,7780
3941904,49,1016.0,46.4327470649756,15092
4028049,81,2760.0,44.474711915874174,17802
3705000,16,384.0,29.30870177950569,4712
3957768,25,1000.0,32.83291031876401,5390
3908529,36,946.0,35.84689665786984,7710
3956121,64,1062.0,34.51086785347479,9528
3988009,36,1152.0,38.65229618017538,8964
3747900,16,252.0,34.351128074635334,4720
4024036,64,2346.0,30.14962686336267,14360
3896676,25,880.0,29.899832775452108,4470
3861225,36,880.0,32.28002478313795,6252
3880900,16,0.0,23.366642891095847,4368
3814209,49,1334.0,36.11094017053558,16009
4014012,81,2178.0,39.64845520319802,24012
3747900,16,0.0,31.04834939252005,5656
3781050,36,217.0,24.657656011875904,7392
3980025,36,1050.0,27.459060435491963,9654
4032064,64,2322.0,43.95452195167182,15456
4028049,64,1040.0,41.569219381653056,13824
3783000,16,1078.0,29.34280150224242,3444
3759600,36,684.0,34.23448553724738,11478
3825936,16,294.0,34.64101615137755,4800
3996001,49,884.0,32.0624390837628,12628
