Yr Built or Remod,Overall Qual Sq,Garage Total,SQRT 1st SQ
3961880,36,950.0,26.92582403567252
3986012,49,1118.0,30.215889859476256
3919671,25,246.0,32.51153641401772
4026042,25,800.0,27.27636339397171
3786700,36,968.0,28.827070610799147
3935932,36,1156.0,43.45112196480086
4022030,36,1050.0,32.7414110874898
3837681,25,1062.0,34.46737587922817
3810304,25,420.0,30.397368307141328
3876961,25,1008.0,32.2490309931942
3884841,36,264.0,21.97726097583591
4020025,49,1264.0,34.75629439396553
3773160,25,1152.0,35.888716889852724
3998000,64,960.0,31.016124838541646
4028049,49,1220.0,36.89173349139343
4018020,25,1248.0,37.815340802378074
3736200,25,1539.0,24.979991993593593
3853369,25,960.0,33.481338085566414
3908529,36,1056.0,35.84689665786984
4036081,49,1228.0,27.640549922170507
3873024,25,900.0,29.899832775452108
4000000,64,998.0,40.7308237088326
4022030,64,1150.0,34.77067730142742
3997944,36,840.0,34.45286635390443
3822025,25,1144.0,32.49615361854384
3845521,36,1060.0,38.118237105091836
3947685,25,336.0,29.899832775452108
3864315,25,240.0,35.566838487557476
3801370,25,0.0,32.155870381627054
3909694,25,1152.0,25.92296279363144
3924361,64,1084.0,50.23942674832188
3761550,64,800.0,28.142494558940577
3982020,64,962.0,38.65229618017538
3810304,36,820.0,30.789608636681304
4030056,64,2478.0,41.44876355212541
3833764,36,384.0,33.793490497431605
3908529,25,336.0,30.4138126514911
3908529,36,1092.0,42.941821107167776
3892729,49,1056.0,35.24202037341219
3976036,25,384.0,31.464265445104548
3861225,25,276.0,35.4400902933387
4024036,100,2550.0,45.56314299957807
3912484,25,1204.0,33.31666249791537
3818116,25,352.0,32.4037034920393
3861225,25,384.0,32.2490309931942
3773250,64,1572.0,31.352830813181765
3804360,25,1320.0,31.368774282716245
3862000,49,270.0,29.171904291629644
3818116,25,280.0,32.60368077380221
4014012,49,948.0,27.640549922170507
4000000,36,880.0,27.712812921102035
3759600,16,1152.0,36.4417343165772
3912484,49,1128.0,37.30951621235526
3880900,16,0.0,23.366642891095847
3806401,36,800.0,39.68626966596886
3876961,36,299.0,25.748786379167466
4018020,49,960.0,24.49489742783178
3859150,25,240.0,30.59411708155671
3814209,36,293.0,32.2490309931942
3984016,36,772.0,30.265491900843113
4011993,64,2013.0,34.11744421846396
4028049,64,1100.0,34.40930106817051
3955977,49,1380.0,38.50973902793941
3744000,25,225.0,30.983866769659336
3822025,25,350.0,37.17526059088221
4028049,25,0.0,33.46640106136302
3850350,49,216.0,23.811761799581316
4016016,49,760.0,31.240998703626616
4024036,81,2529.0,42.44997055358225
4020025,49,880.0,38.80721582386451
4038090,49,1144.0,38.8329756778952
3986012,49,2358.0,45.077710678338576
3837681,36,1078.0,34.55430508634199
4016016,49,760.0,31.144823004794873
4020025,49,2502.0,40.19950248448356
3763500,36,880.0,27.712812921102035
3751800,25,322.0,29.5296461204668
3757650,16,240.0,22.80350850198276
3841600,25,960.0,33.24154027718932
3855775,25,0.0,30.59411708155671
3724500,25,960.0,24.819347291981714
4034072,81,3498.0,47.265209192385896
3734250,25,2160.0,29.597297173897484
3953826,16,1152.0,29.393876913398138
3988009,36,784.0,34.48187929913333
4024036,81,1150.0,40.8166632639171
4012009,49,1110.0,34.64101615137755
3912000,25,252.0,30.463092423455635
3876961,25,1004.0,36.55133376499413
4016016,49,960.0,24.49489742783178
3876961,36,1032.0,37.77565353504821
3995992,49,1216.0,34.813790371058424
3976036,49,990.0,27.459060435491963
3916441,25,800.0,39.179076048319466
3857296,25,968.0,33.94112549695428
4026042,64,968.0,33.926390907374746
3841600,36,960.0,33.734255586866
3825936,25,792.0,32.77193921634788
4020025,81,1112.0,39.50949253027682
3980025,64,2175.0,36.851051545376556
4016016,81,2010.0,43.40506882842141
3843840,16,0.0,24.596747752497688
3965832,64,1100.0,40.87786687193939
3705000,9,0.0,28.231188426986208
4006002,36,1120.0,28.35489375751565
3888784,25,1002.0,34.539832078341085
4000000,49,980.0,25.942243542145693
3736200,36,216.0,40.792156108742276
3829849,36,1100.0,37.282703764614496
4012009,49,948.0,27.640549922170507
3781050,25,800.0,29.46183972531247
3876880,25,286.0,37.70941526992961
3844560,25,720.0,33.58571124749333
3849444,36,880.0,33.406586176980134
3796650,4,0.0,25.69046515733026
3952044,36,958.0,41.31585652022719
3837681,25,1056.0,38.28837943815329
4000000,81,990.0,40.47221268969612
3841600,25,1252.0,41.48493702538308
3988009,36,940.0,30.463092423455635
3819860,25,0.0,31.559467676119
3825936,25,304.0,34.66987164671943
3845521,25,1144.0,31.432467291003423
3757650,25,720.0,32.0624390837628
3796650,25,240.0,26.832815729997478
3908529,81,2592.0,39.98749804626441
4016016,64,806.0,26.589471600616662
3844680,49,1737.0,30.967725134404045
3990006,36,800.0,28.513154858766505
3869089,25,288.0,33.04542328371661
3908529,49,880.0,32.48076353782343
3889634,25,1440.0,26.0
3908529,36,880.0,29.24038303442689
3972049,64,946.0,41.46082488325576
3753750,25,0.0,29.393876913398138
3892729,36,264.0,21.97726097583591
3742500,25,0.0,27.92848008753788
4024036,64,1254.0,39.42080668885405
4024036,100,2274.0,39.08964057138413
3841208,36,0.0,27.92848008753788
3806401,16,800.0,29.393876913398138
4000000,36,862.0,31.74901573277509
3943620,25,260.0,32.2490309931942
3904092,25,366.0,34.23448553724738
4040100,64,2556.0,37.656340767525464
3765450,36,560.0,30.967725134404045
4012009,49,1344.0,22.24859546128699
3924361,36,1152.0,37.70941526992961
4000000,49,972.0,31.38470965295043
3734250,16,1144.0,29.79932885150268
3939864,25,1312.0,33.46640106136302
4022030,81,2148.0,44.63182720884279
3829849,36,884.0,38.44476557348217
3982020,49,1220.0,30.822070014844883
3886630,25,297.0,30.199337741083
4020025,36,776.0,36.41428291206625
3948169,64,922.0,34.698703145794944
3857296,36,884.0,28.24889378365107
3880900,16,1152.0,30.983866769659336
3906172,25,447.0,35.156791662493895
3849426,25,1152.0,37.62977544445356
3952144,49,1238.0,30.757112998459398
3747900,25,0.0,32.984845004941285
4014012,49,948.0,27.640549922170507
3829849,25,308.0,28.5657137141714
3904576,25,336.0,23.15167380558045
3755700,49,288.0,23.916521486202797
3912484,36,880.0,29.24038303442689
3784950,16,280.0,25.92296279363144
3936256,25,1012.0,33.555923471125034
3818116,25,319.0,31.496031496047245
3744000,36,1152.0,27.422618401604176
4038090,49,1352.0,34.899856733230294
3874290,25,312.0,29.79932885150268
3912484,49,956.0,40.01249804748511
3778110,49,684.0,36.235341863986875
4010006,36,786.0,28.407745422683583
3849444,25,288.0,33.04542328371661
3974042,49,2949.0,36.40054944640259
3884841,36,264.0,21.97726097583591
4014012,16,880.0,33.481338085566414
3906172,36,1846.0,35.156791662493895
3900625,25,990.0,32.77193921634788
3810304,1,974.0,27.073972741361768
4012009,49,1086.0,29.732137494637012
4020025,49,906.0,35.58089374931439
3984000,64,1082.0,46.14108798023731
4028049,64,2262.0,38.262252939417984
3865156,49,974.0,34.87119154832539
4024036,64,1998.0,35.552777669262355
4022030,81,2010.0,37.603191353926334
3904576,64,1058.0,41.7492514902962
3908529,36,1428.0,39.585350825778974
3904576,49,958.0,37.013511046643494
3876961,25,3872.0,36.578682316343766
4022030,64,2262.0,39.87480407475377
4034072,49,2364.0,38.07886552931954
3734250,36,1056.0,29.086079144497972
4028049,49,800.0,26.981475126464083
4012009,100,2904.0,48.908077042549934
3880900,16,297.0,23.021728866442675
4032064,100,2436.0,32.03123475609393
3992004,49,1800.0,33.28663395418648
3784950,49,240.0,30.298514815086232
4028049,49,800.0,26.981475126464083
3833280,25,1248.0,23.40939982143925
3740100,36,2592.0,37.013511046643494
3884805,25,1056.0,35.552777669262355
4014012,49,840.0,39.45883931389772
3908529,36,1082.0,35.874782229304195
3880900,36,960.0,31.68595903550972
4028049,49,966.0,34.08812109811862
4034072,49,1058.0,37.89459064299283
3931889,25,300.0,30.983866769659336
3873024,25,336.0,34.583232931581165
4018020,64,860.0,35.62302626111375
3913760,25,230.0,32.109188716004645
3796200,16,280.0,21.166010488516726
3814209,36,1010.0,38.79432948254165
3779100,25,240.0,30.886890422961002
4022030,36,1128.0,27.386127875258307
3845521,25,368.0,32.4037034920393
3976036,64,1236.0,45.59605246071199
3871000,36,1128.0,35.38361202590826
3998000,49,800.0,27.820855486487112
4014012,25,1152.0,33.37663853655727
3996001,36,804.0,34.9857113690718
4024035,81,1968.0,33.67491648096547
3784950,25,1056.0,27.568097504180443
3853369,36,1316.0,38.691084244306204
4032064,81,3156.0,41.255302689472536
3954132,36,1200.0,38.84584919911006
3772550,49,1926.0,31.0
3940225,49,1056.0,35.21363372331802
4020025,49,800.0,34.14674215792775
3823820,25,0.0,27.640549922170507
3900369,36,1020.0,40.64480286580315
3873024,36,509.0,34.38022687534217
3857296,36,1008.0,33.04542328371661
3761550,49,902.0,33.49626844888845
3907904,25,1138.0,38.57460304397182
3810304,25,240.0,40.29888335921977
4022030,36,920.0,36.90528417449187
4030056,49,924.0,34.899856733230294
3749850,36,288.0,32.68026927673638
3916441,36,1152.0,40.311288741492746
3948169,49,1008.0,32.61901286060018
3908000,36,286.0,32.4037034920393
3829849,16,352.0,30.116440692751194
3781050,4,256.0,25.298221281347036
3980025,64,2253.0,35.369478367654786
3865156,25,1008.0,34.77067730142742
3777150,16,231.0,21.283796653792763
4006002,64,1340.0,40.01249804748511
4022030,49,1004.0,36.55133376499413
3850900,16,880.0,33.090784215548595
3818116,25,0.0,33.52610922848042
4002000,49,862.0,31.74901573277509
3743000,9,840.0,31.843366656181317
3798600,36,312.0,27.92848008753788
3814040,9,0.0,36.138621999185304
3889700,16,308.0,25.92296279363144
3873024,25,257.0,34.058772731852805
3814209,16,286.0,30.495901363953813
3783000,16,0.0,26.60826939130014
3968064,36,1058.0,39.68626966596886
3865156,25,286.0,32.54228019054596
3857296,16,880.0,31.701734968294716
4004001,49,1300.0,32.51153641401772
4020025,49,960.0,22.80350850198276
4012009,64,2385.0,42.473521163190604
3936256,25,990.0,28.861739379323623
4024036,36,858.0,26.981475126464083
3903900,25,1440.0,29.393876913398138
3954042,36,870.0,39.824615503479755
3825936,25,300.0,37.013511046643494
4008004,36,0.0,30.23243291566195
4022030,49,860.0,39.433488306260706
3920400,36,904.0,26.758176320519304
3888784,25,922.0,29.698484809834994
3744000,25,990.0,34.161381705077446
4030056,81,2832.0,42.42640687119285
3900625,36,880.0,29.24038303442689
4008004,49,986.0,28.827070610799147
3968064,49,784.0,28.495613697550013
3936256,36,1104.0,39.01281840626232
4032064,81,2340.0,45.12205669071391
3964081,25,1344.0,39.93745109543172
4020025,49,924.0,29.8496231131986
3990006,49,3136.0,36.66060555964672
3880900,25,2784.0,40.64480286580315
3825936,16,263.0,28.844410203711913
3920256,49,974.0,34.95711658589707
4016016,36,840.0,29.120439557122072
3900625,49,880.0,32.48076353782343
3986012,36,862.0,35.93048844644336
3861784,36,968.0,26.832815729997478
3892729,16,297.0,22.93468988235943
3907745,25,295.0,31.400636936215164
4016016,49,1144.0,29.393876913398138
3980025,64,954.0,35.199431813596085
3833764,25,356.0,33.926390907374746
3784950,49,234.0,29.32575659723036
3818116,16,312.0,34.698703145794944
3833764,36,312.0,36.45545226711637
3900625,25,880.0,29.647934160747187
3802500,16,294.0,29.0
3796650,36,1298.0,30.0
3738150,36,792.0,33.67491648096547
3936256,64,1130.0,36.87817782917155
4010006,64,2145.0,42.261093218230876
3884841,36,990.0,33.12099032335839
3744000,16,280.0,31.400636936215164
4026042,49,876.0,33.34666400106613
3849444,25,349.0,41.182520563948
3880900,16,286.0,23.366642891095847
4020025,81,1152.0,41.8568990729127
4024036,81,2025.0,33.19638534539566
4028049,81,1404.0,42.42640687119285
3974042,49,2349.0,33.28663395418648
3784950,25,1320.0,29.223278392404914
4016016,49,866.0,29.103264421710495
4032064,49,1250.0,37.44329045369811
3936256,25,288.0,29.782545223670862
3873024,25,1008.0,32.41913015489465
3744000,36,216.0,27.477263328068172
3892729,25,1012.0,40.69397989875161
3904576,36,880.0,30.95157508108432
3970056,64,1092.0,56.815490845367165
3873024,25,1372.0,32.2490309931942
3825730,25,1104.0,25.709920264364882
3973952,36,954.0,33.76388603226827
4022030,100,4600.0,40.39801975344831
3820504,36,882.0,38.01315561749642
3822420,25,0.0,30.789608636681304
3996001,49,780.0,31.96873472629156
3866130,36,162.0,29.34280150224242
3872975,16,5424.0,40.27406113120453
4028049,64,2640.0,30.903074280724887
3944196,64,922.0,32.984845004941285
3837681,25,286.0,32.2490309931942
3838308,36,180.0,30.0
3884841,36,264.0,21.97726097583591
3833764,36,264.0,33.090784215548595
4016016,49,760.0,31.144823004794873
3970056,36,924.0,29.0516780926679
3931965,16,364.0,30.983866769659336
3900625,36,868.0,28.478061731796284
4026042,64,2685.0,42.36744032862972
3964081,25,1152.0,24.979991993593593
3783000,36,1152.0,29.120439557122072
3893946,16,220.0,26.5329983228432
3822025,25,305.0,31.176914536239792
3798600,36,330.0,30.199337741083
3853369,36,860.0,31.74901573277509
4028049,81,2322.0,42.7551166528639
3795530,9,0.0,31.827660925679098
3874000,36,1248.0,28.035691537752374
3908045,25,288.0,32.51153641401772
3980025,64,2517.0,45.967379738244816
3884825,25,300.0,37.242448899072144
4022030,81,2442.0,41.49698784249286
3744000,9,250.0,28.982753492378876
3864000,25,281.0,29.120439557122072
4028049,64,2556.0,39.26830783214372
3810304,25,1440.0,30.166206257996713
3849444,25,288.0,30.59411708155671
3784950,25,240.0,28.705400188814647
3853369,25,1050.0,33.58571124749333
4038090,64,2040.0,27.820855486487112
3857296,36,882.0,35.298725189445584
3848960,49,240.0,30.983866769659336
3853369,25,968.0,30.4138126514911
4000000,49,800.0,27.820855486487112
3805700,64,288.0,30.495901363953813
3814209,25,800.0,30.822070014844883
3837681,25,796.0,33.823069050575526
3845521,25,902.0,33.37663853655727
3892729,49,1032.0,47.148700936505136
3832320,25,288.0,24.1039415863879
3833764,25,1248.0,30.983866769659336
3992004,36,920.0,30.528675044947494
3728400,36,0.0,30.479501308256342
3818116,36,280.0,31.368774282716245
3920400,36,1224.0,41.060930335295616
4020025,49,1152.0,40.17461885320133
3888784,25,297.0,29.393876913398138
4024036,49,2622.0,41.71330722922842
3922224,25,880.0,41.48493702538308
3904576,36,2664.0,32.155870381627054
3912484,36,1078.0,36.30426972134269
3938240,36,960.0,33.12099032335839
4022030,81,2010.0,33.421549934136806
3904576,36,1344.0,33.421549934136806
3675750,16,1120.0,35.298725189445584
3888784,36,264.0,21.97726097583591
3783000,36,231.0,24.49489742783178
3873024,36,824.0,33.94112549695428
4038090,81,2253.0,40.33608806019741
3841600,25,922.0,35.552777669262355
3916441,25,1056.0,34.9857113690718
3753750,36,300.0,26.40075756488817
3904576,25,308.0,29.899832775452108
4000000,36,880.0,27.730849247724095
4008004,64,2268.0,41.0731055558257
4000000,36,788.0,28.61817604250837
3884841,36,0.0,25.92296279363144
3818116,25,256.0,28.478061731796284
3744000,16,250.0,25.475478405713993
3839484,36,0.0,27.80287754891569
3697200,16,330.0,30.854497241083024
3904576,36,504.0,33.36165463522455
3792700,25,924.0,27.892651361962706
3783000,36,240.0,30.72458299147443
4030056,81,2304.0,41.20679555607303
3835260,49,996.0,35.52463933666322
3932289,25,968.0,30.033314835362415
4024036,36,880.0,27.16615541441225
3986012,25,808.0,37.20215047547655
3745950,36,228.0,29.171904291629644
3994002,36,880.0,30.854497241083024
4016016,36,1152.0,34.02939905434711
4026042,64,2610.0,40.570925550201586
3777150,25,240.0,31.32091952673165
3930000,36,299.0,39.56008088970496
3770580,49,640.0,29.664793948382652
3806401,25,0.0,32.55764119219941
3912484,36,968.0,33.1058907144937
3996001,49,1974.0,34.97141690009142
3972049,64,924.0,36.565010597564445
4016016,49,960.0,23.473389188611005
4008004,64,1154.0,33.58571124749333
3744000,4,246.0,20.92844953645635
3904576,25,1008.0,32.14031735997639
4012009,49,1192.0,33.60059523282288
3970056,49,840.0,34.45286635390443
3792750,36,440.0,28.5657137141714
3822025,16,0.0,33.94112549695428
3947728,36,1084.0,39.585350825778974
3816960,49,648.0,28.844410203711913
4026042,49,866.0,41.09744517606904
3918310,25,2484.0,37.73592452822641
3932289,25,264.0,28.5657137141714
3745950,49,312.0,37.73592452822641
3951888,49,968.0,26.92582403567252
3849444,25,0.0,32.01562118716424
3880900,36,1230.0,37.97367509209505
4000000,64,1008.0,38.13135192987524
3992004,49,1665.0,32.71085446759225
4020025,36,1080.0,27.16615541441225
3873024,25,326.0,29.966648127543394
4026042,64,960.0,38.2099463490856
3912484,36,1008.0,32.155870381627054
3912484,25,1056.0,34.26368339802363
4012009,49,992.0,23.021728866442675
3777150,36,198.0,27.92848008753788
3783000,25,880.0,28.982753492378876
3788105,25,0.0,27.40437921208944
3982020,64,1216.0,40.19950248448356
3779100,25,240.0,32.526911934581186
3822025,25,330.0,30.983866769659336
4028049,49,872.0,36.08323710533743
3753750,25,210.0,28.5657137141714
3992004,49,286.0,38.7556447501522
4032064,36,308.0,33.66006535941367
3992004,81,2418.0,40.87786687193939
3976036,36,942.0,30.59411708155671
3724500,16,1296.0,31.32091952673165
3893890,36,180.0,37.89459064299283
4014012,49,904.0,33.85262175962151
3906246,25,305.0,35.298725189445584
3927748,36,778.0,38.0
3786900,25,215.0,28.26658805020514
4028049,64,2670.0,40.0
3865790,16,231.0,35.07135583350036
4008004,64,2295.0,42.42640687119285
4018020,49,960.0,24.49489742783178
3884841,25,880.0,27.65863337187866
4012009,36,1084.0,28.89636655359978
4022030,49,1276.0,30.740852297878796
4024036,64,1448.0,47.265209192385896
3974042,36,948.0,29.765752132274432
3945762,36,888.0,31.240998703626616
3998000,64,1042.0,38.897300677553446
3920231,25,308.0,33.27160951922825
3923685,25,392.0,28.75760768909681
3829914,36,0.0,27.23967694375247
3857700,25,1008.0,27.640549922170507
4014012,81,2622.0,42.33202097703345
4006002,64,2238.0,38.92300091205713
3970056,36,778.0,28.42534080710379
3888784,16,1176.0,34.36568055487916
3976036,64,1382.0,44.57577817604534
3773250,36,180.0,25.436194683953808
3943872,36,1008.0,31.240998703626616
3706950,25,216.0,31.12876483254676
3849444,25,336.0,29.393876913398138
3775200,36,240.0,34.14674215792775
4032064,81,2502.0,41.66533331199932
3916441,25,800.0,39.179076048319466
3932000,36,968.0,28.284271247461902
3776220,9,320.0,26.92582403567252
4016016,49,880.0,28.982753492378876
3814209,16,1152.0,30.59411708155671
4012009,64,1890.0,39.8622628559895
3974042,36,760.0,28.26658805020514
4012009,49,1116.0,38.45776904605882
3876961,25,1796.0,28.0
3861225,25,360.0,29.393876913398138
4032064,81,2574.0,38.41874542459709
3846222,49,312.0,27.258026340878022
4016016,49,2004.0,39.698866482558415
3998000,49,1154.0,38.45776904605882
3838450,25,308.0,30.265491900843113
3904252,16,308.0,30.708305065568176
3952144,49,2358.0,37.107950630558946
3974042,49,1148.0,32.58834147360065
4026042,100,2796.0,42.708313008125245
3757650,36,316.0,33.85262175962151
3994002,100,1692.0,38.3275357934736
3809500,25,1248.0,31.73326330524486
3794700,16,336.0,35.24202037341219
3974042,49,1950.0,31.559467676119
3781050,36,280.0,28.722813232690143
3976036,25,440.0,31.464265445104548
3806401,25,256.0,36.6333181680284
4020025,81,3255.0,43.22036556994862
3724500,16,1056.0,27.2213151776324
3892504,36,338.0,40.39801975344831
4032064,100,2526.0,41.569219381653056
3837681,25,0.0,40.963398296528084
4006002,64,942.0,36.0
3884841,36,1050.0,39.83716857408418
3784950,25,256.0,29.223278392404914
3853369,25,1008.0,41.569219381653056
3829849,25,288.0,30.463092423455635
4022030,49,1156.0,29.647934160747187
3833764,36,288.0,32.863353450309965
3992004,49,1092.0,29.427877939124322
3825730,36,255.0,31.63858403911275
4024036,49,1264.0,34.92849839314596
4004001,81,1090.0,36.193922141707716
3878060,25,0.0,28.42534080710379
3984000,49,1180.0,34.14674215792775
3705000,16,684.0,34.0
3869089,49,1156.0,40.24922359499622
3822025,25,336.0,34.87119154832539
3775200,25,240.0,29.93325909419153
3753750,25,288.0,27.331300737432898
3865156,16,384.0,32.49615361854384
3796650,25,336.0,28.844410203711913
3761550,36,208.0,30.822070014844883
4020025,64,968.0,39.21734310225516
3837681,25,308.0,33.80828300875393
3884841,16,1920.0,29.5296461204668
3744000,36,0.0,32.17141588429082
4020025,36,860.0,36.38681079732051
3865156,25,408.0,30.066592756745816
3859704,49,282.0,35.7211421989835
4016016,36,840.0,29.120439557122072
3892473,16,304.0,33.2264954516723
3833764,36,1050.0,36.66060555964672
3724500,25,0.0,33.58571124749333
3954132,36,1042.0,34.11744421846396
3994002,36,1022.0,36.565010597564445
3865156,36,980.0,34.132096331752024
3865156,25,1128.0,36.3318042491699
4016016,49,1064.0,39.179076048319466
3936240,49,978.0,35.73513677041127
3761550,16,336.0,24.979991993593593
3916441,36,972.0,36.0416425818802
3998000,64,984.0,27.640549922170507
3814209,25,1298.0,40.3732584763727
3830750,49,1092.0,28.844410203711913
3990006,25,964.0,30.463092423455635
4014012,36,840.0,29.120439557122072
3873510,36,432.0,28.5657137141714
3978030,25,1344.0,33.12099032335839
4000000,64,998.0,40.64480286580315
3873024,16,0.0,42.04759208325728
3822025,16,0.0,33.94112549695428
3724500,4,280.0,28.460498941515414
4030056,49,968.0,36.851051545376556
3992004,36,804.0,34.87119154832539
3829849,36,384.0,31.096623610932426
3998000,49,924.0,24.979991993593593
3970056,25,1396.0,29.715315916207253
3873024,25,288.0,29.563490998188964
3745950,49,960.0,30.033314835362415
4034072,64,1034.0,42.8485705712571
3829849,25,299.0,33.04542328371661
4026042,49,1138.0,35.22782990761707
3908529,36,1260.0,36.52396473549935
3894520,36,1144.0,37.8021163428716
4032064,64,1500.0,39.57271787481876
3938184,49,1040.0,36.27671429443411
3998000,81,1012.0,41.340053217188775
4020025,64,1108.0,41.48493702538308
4032064,64,2430.0,35.41186241925155
3829593,25,1881.0,29.393876913398138
4002000,49,902.0,40.3732584763727
4020025,49,898.0,28.827070610799147
3814209,25,375.0,36.55133376499413
3927924,25,1152.0,34.79942528261063
3956021,36,956.0,36.78314831549904
3865156,49,880.0,34.64101615137755
3960100,49,1028.0,39.14077158156185
4010006,49,1064.0,39.191835884530846
3919824,36,940.0,42.555845661906424
4024036,49,2841.0,32.72613634390714
3874860,16,1440.0,32.7566787083184
3865156,36,884.0,32.41913015489465
3740100,9,0.0,31.937438845342623
3972049,36,4068.0,31.04834939252005
3908529,25,1152.0,31.76476034853718
4028049,64,1196.0,36.578682316343766
3910164,25,1248.0,61.806148561449774
4028049,49,1080.0,26.514147167125703
3984016,64,1000.0,35.888716889852724
3755700,36,160.0,31.827660925679098
4018020,64,2796.0,42.21374183841087
4022030,81,2028.0,43.840620433565945
4026042,100,2358.0,41.44876355212541
4018020,100,2847.0,49.91993589739474
3798600,16,265.0,24.979991993593593
4036081,36,1352.0,34.899856733230294
3986012,49,2448.0,30.166206257996713
3994002,49,1054.0,29.664793948382652
3833764,36,976.0,36.55133376499413
3802500,25,282.0,30.166206257996713
4018020,49,1356.0,31.480152477394387
3978030,49,966.0,28.844410203711913
3912484,49,1100.0,45.43126676640219
3802500,25,240.0,34.11744421846396
3900625,49,308.0,28.91366458960192
3806401,1,270.0,40.0
3960100,36,0.0,28.5657137141714
4036081,81,1434.0,42.02380277890139
3800550,25,2613.0,31.63858403911275
3889634,49,862.0,33.71943060017473
4024036,49,874.0,36.932370625238775
4008004,49,984.0,30.331501776206203
3908529,25,1078.0,36.08323710533743
3805700,16,281.0,26.77685567799177
3724500,16,1440.0,28.861739379323623
4020025,64,2187.0,34.11744421846396
4016016,64,2535.0,38.88444419044716
4004001,49,1054.0,37.86819245752297
4012009,49,1256.0,28.495613697550013
3705000,36,357.0,33.015148038438355
3896676,25,862.0,32.202484376209235
3898650,25,836.0,37.26929030716845
3829826,25,352.0,26.343879744638983
3751800,36,0.0,23.916521486202797
3888784,25,1104.0,29.899832775452108
3884841,25,1152.0,29.393876913398138
3705000,16,2337.0,33.090784215548595
3908529,36,358.0,33.436506994600975
3802500,36,288.0,32.12475680841802
3837681,25,672.0,33.88214869219483
3842300,64,228.0,28.861739379323623
4006002,81,2175.0,36.959437225152655
3869089,25,336.0,30.199337741083
3794700,25,0.0,34.56877203488721
3978030,64,2271.0,40.29888335921977
3916441,25,888.0,30.23243291566195
3837681,25,308.0,36.4417343165772
3834666,36,225.0,26.19160170741759
3962090,36,946.0,36.932370625238775
4028049,49,924.0,35.4682957019364
3899896,25,230.0,33.34666400106613
3845521,25,880.0,34.45286635390443
3976036,25,299.0,31.464265445104548
3996001,64,960.0,31.016124838541646
3980025,25,1152.0,31.464265445104548
3908129,25,319.0,40.0
4028049,64,1180.0,29.93325909419153
3892729,16,297.0,22.93468988235943
3833764,25,338.0,34.20526275297414
3714750,9,216.0,26.720778431774775
3865156,25,960.0,33.97057550292606
3818090,64,1632.0,30.14962686336267
4030056,100,3660.0,45.65084884205331
3775200,16,327.0,30.83828789021855
4000000,64,2430.0,38.28837943815329
4022030,81,2385.0,49.8998997994986
3757650,36,384.0,34.698703145794944
4020025,36,968.0,33.77869150810907
3873024,25,940.0,27.055498516937366
3802810,25,0.0,28.635642126552707
3843218,25,240.0,27.892651361962706
3976036,36,944.0,25.219040425836983
3736200,9,0.0,24.0
4030056,64,2490.0,39.74921382870358
3945942,49,1478.0,42.708313008125245
3951975,25,880.0,39.4715087119811
3903615,9,240.0,25.298221281347036
3896676,36,880.0,29.24038303442689
3839575,49,164.0,30.265491900843113
3960100,49,968.0,36.59234892706397
3763500,16,0.0,19.28730152198591
4012009,49,876.0,33.85262175962151
3904576,36,352.0,33.54101966249684
3846832,49,180.0,31.937438845342623
3724500,25,200.0,29.9833287011299
3812360,16,0.0,28.77498913987632
4028049,64,2454.0,41.15823125451335
3974042,64,942.0,32.63433774416144
3753750,16,0.0,25.92296279363144
3904576,36,956.0,39.02563260217571
3944196,36,1232.0,40.63249930782009
3837681,25,270.0,32.264531609803356
3833764,25,1152.0,40.049968789001575
3858660,36,240.0,31.843366656181317
3876961,49,1056.0,34.11744421846396
3833764,25,294.0,32.264531609803356
3912484,36,1008.0,32.155870381627054
3724500,36,228.0,28.722813232690143
3911700,25,264.0,36.565010597564445
3978030,64,1424.0,38.72983346207417
3972049,49,944.0,39.92492955535426
4024036,36,1144.0,35.52463933666322
4022030,36,0.0,34.27827300200522
3847419,36,280.0,25.768197453450252
3884841,25,280.0,25.099800796022265
4020025,64,1100.0,35.31288716601915
4024036,81,2493.0,41.689327171351664
4008004,64,2571.0,41.09744517606904
4012009,49,956.0,37.48332962798263
3904576,49,1170.0,36.38681079732051
3841600,25,351.0,37.107950630558946
3986012,36,844.0,29.79932885150268
3943796,25,271.0,35.04283093587046
3818116,25,275.0,31.74901573277509
3994002,49,1082.0,33.95585369269929
4028049,36,880.0,27.422618401604176
3744000,25,0.0,30.59411708155671
3818116,16,996.0,37.1887079635741
3820800,25,180.0,31.096623610932426
4024036,64,2478.0,40.69397989875161
3907800,36,300.0,33.94112549695428
4020025,36,0.0,33.793490497431605
4000000,36,940.0,37.456641600656084
3927795,25,1176.0,41.376321731154405
3876961,16,800.0,35.4682957019364
3798600,25,1144.0,41.0731055558257
3833764,25,968.0,39.496835316262995
3904576,49,1100.0,33.793490497431605
3904576,49,1192.0,32.90896534380867
3908529,25,308.0,30.116440692751194
3998000,36,870.0,40.92676385936225
3818116,25,1040.0,31.432467291003423
4004001,64,980.0,38.61346915261564
3952143,49,1156.0,38.45776904605882
3806401,25,960.0,33.34666400106613
3825936,36,960.0,41.09744517606904
4028049,81,1114.0,41.352146256270665
3841600,36,352.0,35.397740040855716
3849444,25,294.0,29.393876913398138
4020025,49,820.0,26.981475126464083
3962090,49,994.0,34.88552708502482
3896676,49,1100.0,46.37887450122092
4028049,64,1156.0,29.427877939124322
3984016,25,1152.0,30.23243291566195
3857296,36,960.0,33.63034344160047
3908529,25,1200.0,36.89173349139343
3811400,25,840.0,28.809720581775867
4012009,49,800.0,25.69046515733026
3781050,16,264.0,27.784887978899608
3941904,25,288.0,29.563490998188964
3946182,49,1152.0,39.408120990476064
3988009,36,1368.0,30.083217912982647
3800550,16,840.0,32.2490309931942
3763200,25,786.0,37.107950630558946
3873024,25,1060.0,29.732137494637012
3841600,25,308.0,35.62302626111375
3861225,25,1008.0,32.2335229225724
3855260,36,364.0,38.98717737923585
4030056,64,2316.0,41.27953488110059
4024036,81,2697.0,41.060930335295616
4030056,64,2400.0,40.570925550201586
3845521,16,270.0,30.23243291566195
3859704,36,216.0,33.896902513356586
3800550,16,0.0,26.832815729997478
3666000,36,205.0,34.322004603461025
3757650,36,1152.0,29.427877939124322
3924361,64,1352.0,49.969990994595946
3953790,36,0.0,23.366642891095847
4001958,49,946.0,29.93325909419153
3984016,49,1024.0,30.14962686336267
3825936,25,267.0,31.843366656181317
3950156,25,0.0,34.64101615137755
4024036,64,984.0,37.841775856849004
3994002,49,1166.0,40.98780306383839
3798600,16,390.0,29.478805945967352
3992004,49,854.0,29.748949561287034
3892729,36,264.0,22.9128784747792
3761550,9,1320.0,26.739483914241877
4012009,49,1146.0,39.496835316262995
4020025,49,1206.0,29.427877939124322
4028049,100,3522.0,47.853944456021594
4018020,49,866.0,29.120439557122072
3976036,25,1056.0,31.464265445104548
3912484,25,1128.0,30.675723300355934
3838080,36,1004.0,27.40437921208944
4000000,36,884.0,30.659419433511783
4022030,36,1050.0,32.7414110874898
3753750,16,200.0,23.916521486202797
4022030,49,2388.0,39.319206502675
4032064,49,1980.0,36.68787265568828
3888784,36,968.0,31.811947441173732
3912484,36,1152.0,32.03123475609393
3984016,49,956.0,38.781438859330635
3837681,25,894.0,41.23105625617661
3732300,9,0.0,29.393876913398138
3914252,36,880.0,31.937438845342623
4000000,36,880.0,27.49545416973504
3851605,36,240.0,27.54995462791182
4000000,49,1166.0,40.90232267243512
3968064,36,1128.0,31.559467676119
3903792,36,280.0,28.5657137141714
3744000,16,338.0,28.982753492378876
3824000,25,0.0,30.59411708155671
4012009,64,2523.0,41.10960958218893
4024036,49,0.0,33.80828300875393
4026042,81,1680.0,40.64480286580315
3880371,25,240.0,32.46536616149585
3861225,25,288.0,30.577769702841312
3734250,16,1056.0,36.235341863986875
3905740,25,1056.0,33.49626844888845
3880900,25,954.0,34.351128074635334
3736200,49,225.0,28.548204847240395
4024036,64,968.0,37.013511046643494
3926036,25,960.0,38.54867053479276
3784950,25,200.0,26.0
3972049,64,2112.0,39.56008088970496
4024036,49,880.0,26.981475126464083
3982020,64,1056.0,41.641325627314025
4024036,81,2100.0,39.1279950930277
4008004,64,2076.0,43.840620433565945
3841600,25,336.0,33.823069050575526
3917770,49,878.0,36.91882988394946
4032064,81,2610.0,43.197222132910355
3747900,9,210.0,32.817678162843876
4026042,64,1056.0,39.370039370059054
4018020,49,964.0,40.570925550201586
4022030,49,876.0,35.32704346531139
4018020,49,990.0,35.2845575287547
3853369,36,311.0,32.43454948045371
3869089,36,1070.0,42.76680956068619
3825936,16,283.0,30.854497241083024
4024027,49,1240.0,38.47076812334269
4022030,64,1240.0,42.941821107167776
3874000,36,672.0,28.722813232690143
3786900,25,215.0,31.240998703626616
3853526,25,864.0,31.04834939252005
3996001,49,1154.0,38.742741255621034
3825936,25,313.0,39.496835316262995
3818430,36,0.0,37.94733192202055
3833764,25,399.0,29.393876913398138
4000000,49,1082.0,39.05124837953327
3849444,25,1080.0,34.49637662132068
4024036,64,2577.0,36.08323710533743
4016016,49,1140.0,38.72983346207417
4008004,49,1182.0,29.631064780058107
3921918,49,1134.0,43.61192497471305
4032064,64,2178.0,40.718546143004666
4032064,81,1184.0,38.80721582386451
3941868,25,288.0,29.9833287011299
3825260,25,336.0,31.63858403911275
3850350,25,360.0,30.199337741083
3912484,25,1182.0,37.05401462729781
4016016,49,760.0,31.144823004794873
3747900,25,100.0,28.5657137141714
3978028,36,429.0,33.03028912982749
3906280,36,401.0,32.87856444554719
3861225,25,288.0,31.937438845342623
3935727,49,1176.0,31.606961258558215
3908529,16,0.0,37.94733192202055
3994002,49,1068.0,29.206163733020468
4022030,64,1520.0,33.406586176980134
4024036,49,968.0,33.77869150810907
3859929,49,1152.0,29.223278392404914
3792750,36,378.0,29.748949561287034
4022030,81,1042.0,40.311288741492746
3828480,16,1352.0,31.38470965295043
3986012,49,812.0,27.0
3908529,49,1010.0,34.0
4018020,49,868.0,29.103264421710495
4032064,64,1352.0,28.035691537752374
4012009,49,868.0,29.103264421710495
3775200,16,240.0,27.51363298439521
3857296,36,1152.0,37.749172176353746
3705000,25,1120.0,37.70941526992961
3872240,25,1024.0,30.133038346638727
4024036,49,880.0,27.16615541441225
3845521,25,288.0,33.91164991562634
3972049,49,2034.0,32.863353450309965
3837681,25,311.0,35.4400902933387
4024036,64,3159.0,33.090784215548595
3751800,25,900.0,28.5657137141714
3822025,16,0.0,28.0
4024036,64,1348.0,38.72983346207417
4018020,81,2316.0,43.01162633521314
4016016,36,786.0,28.513154858766505
4026042,64,2364.0,39.20459156782532
3888784,36,288.0,21.97726097583591
4024036,49,2604.0,37.296112397943034
3902390,25,882.0,37.8549864614954
4012009,36,840.0,29.120439557122072
3957804,36,264.0,21.97726097583591
3975892,16,720.0,29.068883707497267
3863475,49,1344.0,30.854497241083024
3865075,36,968.0,50.149775672479336
4026042,64,2568.0,41.15823125451335
4028049,64,2430.0,40.024992192379
4020025,81,1128.0,41.036569057366385
3912484,36,880.0,30.298514815086232
3772440,25,912.0,34.46737587922817
3749850,36,216.0,37.841775856849004
4016016,49,988.0,37.603191353926334
4008004,64,836.0,36.851051545376556
4028049,64,948.0,38.67815921162743
3802500,36,306.0,30.528675044947494
3802500,9,800.0,32.2490309931942
3753750,25,5920.0,32.7414110874898
3888784,16,1152.0,29.393876913398138
4000000,64,1944.0,31.575306807693888
3853369,25,264.0,33.421549934136806
4012009,36,840.0,29.120439557122072
3825936,25,286.0,32.37282811247729
3876961,16,288.0,30.59411708155671
3884760,25,1012.0,35.81898937714463
3837681,16,1360.0,33.46640106136302
4026042,100,2172.0,45.18849411078001
3976036,64,2532.0,34.68429039204925
3996001,49,1194.0,31.432467291003423
3807600,36,800.0,30.659419433511783
4000000,36,920.0,30.870698080866262
4030056,49,960.0,37.78888725538237
4022030,81,2775.0,42.33202097703345
3993990,36,1228.0,33.06055050963308
3742050,25,0.0,28.61817604250837
3734250,9,0.0,28.42534080710379
3888784,36,1166.0,37.12142238654117
3897948,25,240.0,32.7414110874898
3948169,49,1056.0,37.8549864614954
3983847,64,1224.0,38.67815921162743
3929754,36,312.0,36.837480912787726
3962090,49,2103.0,46.861498055439924
3904576,25,336.0,24.819347291981714
3719664,64,0.0,30.62678566222711
3944196,64,1382.0,52.21110992882645
4024036,49,1278.0,30.643106892089126
3802500,25,1250.0,32.2490309931942
3798600,25,250.0,28.089143810376278
4016016,49,1176.0,33.80828300875393
3873024,36,924.0,38.58756276314948
3998000,64,1980.0,31.68595903550972
3833764,16,0.0,30.983866769659336
4032064,100,2836.0,68.49817515817483
3880900,25,1248.0,27.712812921102035
3900264,36,353.0,33.52610922848042
4036081,36,1056.0,24.73863375370596
4026042,36,0.0,33.166247903554
3800550,36,940.0,31.921779399024736
3908529,36,1056.0,36.823905279043935
3904576,36,920.0,35.52463933666322
3984016,49,1100.0,28.75760768909681
3912484,49,964.0,30.740852297878796
3794700,9,0.0,25.80697580112788
3940176,36,1044.0,33.421549934136806
3753750,25,1152.0,30.01666203960727
3825936,25,319.0,31.701734968294716
3744000,36,1040.0,39.7994974842648
3904576,25,336.0,30.4138126514911
4012009,64,2550.0,44.474711915874174
4024036,64,2613.0,40.07492981902776
4016016,36,0.0,34.02939905434711
4022030,64,2034.0,42.68489194082609
3814209,36,900.0,47.52893855326458
3749850,36,880.0,30.24896692450835
3880900,25,1804.0,31.654383582688826
4026042,36,864.0,24.819347291981714
3861225,25,1152.0,41.569219381653056
4028049,49,1324.0,35.91656999213594
4022030,100,2634.0,45.232731511594565
3996001,36,880.0,27.23967694375247
3942078,36,1248.0,39.344631145812
4018020,64,1220.0,39.74921382870358
4028049,64,1830.0,38.28837943815329
3900625,25,880.0,31.12876483254676
3926330,49,1326.0,40.792156108742276
3869089,36,1100.0,41.12177038990418
4028049,49,1256.0,34.75629439396553
3869089,25,668.0,32.43454948045371
3781050,36,312.0,31.176914536239792
3873024,25,294.0,30.14962686336267
4022030,81,2046.0,42.871902220452036
3908529,36,317.0,26.19160170741759
3896315,25,303.0,43.2087954009366
3751800,25,880.0,36.069377593742864
3857296,36,461.0,35.369478367654786
4006002,49,1154.0,38.0
3960100,64,1500.0,38.118237105091836
3920400,36,264.0,30.380915061926625
3994002,64,1366.0,34.785054261852174
3857296,16,1590.0,34.9857113690718
3992004,36,810.0,36.565010597564445
3912475,25,1222.0,41.24318125460256
3751800,16,288.0,33.06055050963308
3873024,36,288.0,30.854497241083024
3829849,25,308.0,30.364452901377952
3908529,25,968.0,33.555923471125034
3968064,64,1012.0,35.77708763999664
3943940,25,368.0,30.23243291566195
3988009,49,3136.0,36.98648401781386
3786900,36,213.0,27.440845468024488
4024036,64,968.0,39.16631205513228
3779100,25,250.0,31.52776554086889
3960100,49,1782.0,41.2189276910499
3857296,36,944.0,38.93584466786357
3773250,25,260.0,32.12475680841802
3882408,9,0.0,39.84971769034255
4028049,49,880.0,36.27671429443411
4028049,49,960.0,39.08964057138413
3786700,25,1152.0,30.463092423455635
3806401,25,288.0,32.87856444554719
3978030,16,0.0,31.464265445104548
3861225,36,880.0,36.38681079732051
4000000,36,926.0,30.789608636681304
3900225,25,1440.0,28.722813232690143
3873024,36,882.0,28.792360097775937
3974042,36,1232.0,33.94112549695428
3873024,25,304.0,32.49615361854384
3770756,100,2520.0,38.961519477556315
4022030,64,990.0,42.16633728461603
3884841,16,0.0,29.393876913398138
4018020,49,800.0,34.942810419312295
3830400,36,216.0,27.202941017470888
4020025,49,960.0,22.80350850198276
3996001,49,1012.0,26.70205984563738
3787870,25,800.0,29.664793948382652
4016016,49,800.0,27.27636339397171
4022030,49,874.0,38.781438859330635
3988009,36,780.0,27.459060435491963
3861125,25,310.0,37.5632799419859
3853369,25,1248.0,31.144823004794873
3880900,25,2736.0,30.066592756745816
3916441,25,1158.0,33.166247903554
3955832,16,1456.0,29.58039891549808
3835170,36,0.0,22.80350850198276
3896276,16,1058.0,40.779897008207364
3861225,25,429.0,30.4138126514911
3783000,25,256.0,31.240998703626616
3908088,25,323.0,37.080992435478315
4012009,64,2454.0,34.88552708502482
3896676,25,960.0,29.93325909419153
4028049,64,1950.0,49.63869458396343
4028049,49,1980.0,39.61060464067672
4036081,81,3414.0,40.98780306383839
4012009,49,1062.0,36.565010597564445
3771300,36,240.0,28.5657137141714
4020025,49,1064.0,39.25557285278104
3860325,16,240.0,31.448370387032774
3890204,16,384.0,28.844410203711913
3904576,36,1552.0,45.254833995939045
3974042,36,784.0,30.166206257996713
3832468,36,1248.0,29.46183972531247
4003997,36,964.0,30.93541659651604
4004001,49,868.0,29.732137494637012
3849444,25,300.0,31.606961258558215
4016016,64,1080.0,37.12142238654117
3781050,25,820.0,28.160255680657446
3822025,16,0.0,37.94733192202055
3923920,25,254.0,33.67491648096547
3846000,36,740.0,32.449961479175904
3753750,36,1152.0,37.282703764614496
3908000,16,281.0,30.01666203960727
3779100,36,1056.0,29.34280150224242
3841600,36,1056.0,40.69397989875161
4030056,100,2538.0,41.737273509418415
3913650,25,264.0,33.36165463522455
3832000,36,880.0,35.09985754956849
4028049,81,2118.0,44.15880433163923
3952144,49,1208.0,43.266615305567875
3818430,36,800.0,26.0
4020025,64,2049.0,34.17601498127012
3751800,25,0.0,28.0
3783000,4,308.0,24.73863375370596
3783000,49,349.0,34.741905532080416
3814209,36,836.0,40.54626986542659
4008004,49,1084.0,29.32575659723036
3775200,25,180.0,29.647934160747187
3890450,25,1144.0,29.393876913398138
3825936,36,297.0,34.583232931581165
3912484,36,880.0,25.92296279363144
3783000,16,296.0,27.477263328068172
3800000,16,0.0,26.343879744638983
4024036,49,2478.0,35.21363372331802
3849444,25,1248.0,31.432467291003423
3873024,25,2376.0,39.496835316262995
3802500,25,195.0,36.98648401781386
4018020,49,1212.0,38.52272056851645
3920400,64,968.0,35.014282800023196
3974042,36,804.0,34.19064199455752
3924037,49,276.0,32.17141588429082
3794604,16,288.0,28.5657137141714
4028049,49,2442.0,39.54743986657038
3810000,36,1344.0,34.942810419312295
4024036,49,1068.0,39.05124837953327
4022030,36,780.0,26.981475126464083
3827640,25,390.0,25.787593916455254
4010006,49,800.0,28.982753492378876
3865156,25,864.0,35.77708763999664
3952144,64,960.0,34.336569426778794
3813480,25,1152.0,30.983866769659336
4006002,100,2412.0,51.31276644267
3914082,36,297.0,31.432467291003423
3912484,49,319.0,32.48076353782343
3755700,25,352.0,37.70941526992961
3974042,36,968.0,25.099800796022265
3952144,49,1056.0,41.08527716834828
3960100,49,1012.0,36.61966684720111
3904576,25,1152.0,30.886890422961002
3800550,9,800.0,32.2490309931942
4004001,49,1092.0,29.5296461204668
3933810,36,924.0,39.20459156782532
3884441,25,270.0,29.732137494637012
4024036,64,1552.0,38.58756276314948
3946026,36,968.0,36.180105030251084
3892729,36,1152.0,35.93048844644336
4024036,64,2598.0,40.422765862815474
3952144,49,992.0,31.304951684997057
3733573,49,1152.0,36.22154055254967
3876961,36,336.0,34.87119154832539
4028049,64,1134.0,37.66961640367472
3900625,36,0.0,31.304951684997057
4000000,36,880.0,27.730849247724095
4016016,36,2232.0,34.02939905434711
3992004,64,2210.0,34.92849839314596
3786000,100,1760.0,39.0
3920400,64,2592.0,44.87761134463375
3980025,49,2163.0,34.84250278036869
3951948,36,922.0,38.65229618017538
3745950,25,205.0,24.819347291981714
3992004,36,786.0,28.089143810376278
4014012,64,2640.0,40.36087214122113
3833764,25,275.0,30.199337741083
4022030,49,2346.0,39.395431207184416
4006002,49,1210.0,37.815340802378074
3996001,36,880.0,27.0
3873024,36,1104.0,38.57460304397182
4016016,49,1040.0,27.748873851023216
3880900,16,1320.0,29.393876913398138
4020025,25,744.0,27.09243436828813
3979856,25,264.0,28.5657137141714
3792750,16,240.0,32.984845004941285
4032064,81,4044.0,47.70744176750625
3744000,25,338.0,32.817678162843876
4028049,64,2367.0,40.124805295477756
4008004,49,1152.0,37.53664875824692
4016016,25,1152.0,33.37663853655727
3861225,25,1030.0,32.7566787083184
4032064,100,2016.0,49.01020301937138
3936256,36,1032.0,35.09985754956849
3972049,36,3680.0,37.94733192202055
3802500,36,1476.0,38.57460304397182
4012009,49,786.0,28.407745422683583
3973910,25,264.0,29.068883707497267
4024036,100,1923.0,37.76241517699841
3849444,36,296.0,37.82856063875548
3869089,25,288.0,29.866369046136157
3841600,49,882.0,36.45545226711637
3859170,25,908.0,42.17819341792628
4028049,49,1980.0,39.433488306260706
3753750,36,384.0,28.071337695236398
3996001,49,900.0,29.546573405388315
3868248,25,273.0,29.765752132274432
4012009,36,1088.0,41.23105625617661
3800550,36,315.0,34.17601498127012
3833764,25,902.0,35.38361202590826
3853369,16,1040.0,32.984845004941285
3829849,16,2304.0,36.90528417449187
4024036,36,880.0,36.24913792078372
3964081,36,992.0,35.9722114972099
4024035,49,1016.0,35.6931365951495
4028049,49,2862.0,41.09744517606904
4032064,81,2655.0,40.50925820105819
3798600,49,249.0,24.839484696748443
3837681,25,308.0,31.368774282716245
3744000,16,308.0,30.983866769659336
3810304,25,1008.0,32.31098884280702
3913532,25,240.0,32.046840717924134
3948169,36,1102.0,33.71943060017473
3853369,36,364.0,37.14835124201342
3944196,36,1156.0,35.4400902933387
3904576,25,1056.0,33.793490497431605
3901950,36,1152.0,46.45427859734774
4010006,64,2424.0,40.36087214122113
3932289,36,968.0,32.863353450309965
3972049,49,1968.0,37.04051835490427
4024036,49,968.0,27.16615541441225
3976036,36,796.0,30.397368307141328
3772440,25,0.0,26.153393661244042
4022030,36,880.0,26.5329983228432
4024036,49,1144.0,36.069377593742864
3954126,49,1084.0,35.156791662493895
3869089,25,270.0,32.7566787083184
4022030,49,1344.0,38.80721582386451
3869089,49,954.0,36.52396473549935
3944196,49,312.0,35.98610843089316
3838710,49,912.0,25.92296279363144
3810304,25,240.0,27.055498516937366
4032064,64,2712.0,38.31448812133603
3900625,36,880.0,32.69556544854363
3900625,25,998.0,32.2490309931942
3853369,25,308.0,31.606961258558215
4002000,49,1078.0,36.72873534441391
3960100,49,1000.0,37.97367509209505
3792750,16,220.0,27.331300737432898
4034072,64,2520.0,39.72404813208241
3825936,25,308.0,29.698484809834994
4008004,49,796.0,38.87158345115362
3857296,36,960.0,33.58571124749333
3917958,49,990.0,36.22154055254967
3888784,25,264.0,25.099800796022265
4014012,81,2874.0,51.92301994298868
4028049,49,968.0,25.059928172283335
4032064,81,2508.0,33.61547262794322
3904576,49,966.0,33.13608305156178
3960100,64,968.0,36.345563690772494
4018020,64,1050.0,40.570925550201586
3932289,49,1196.0,35.4964786985977
3859929,25,968.0,30.430248109405877
3823820,25,720.0,27.712812921102035
3989994,49,998.0,32.07802986469088
4004001,64,1044.0,42.28474902373195
4036081,64,1104.0,28.844410203711913
3794604,36,800.0,35.66510900025401
4012009,49,868.0,29.103264421710495
4038090,49,1040.0,34.84250278036869
4026042,64,1100.0,36.6333181680284
3904576,64,1330.0,53.83307533477908
4008004,64,1932.0,29.631064780058107
3755700,36,180.0,31.400636936215164
3763500,49,280.0,33.28663395418648
3734250,9,2808.0,26.343879744638983
3880900,64,1242.0,47.085029467974216
3865156,36,864.0,39.68626966596886
4022030,49,794.0,34.92849839314596
3865640,49,720.0,26.248809496813376
3903676,16,308.0,30.495901363953813
3833764,25,264.0,31.432467291003423
4022030,64,2676.0,44.31703961232068
4022030,49,1048.0,35.63705936241092
3916441,25,1056.0,33.46640106136302
3978030,64,956.0,38.65229618017538
3829849,25,331.0,36.932370625238775
4000000,81,2208.0,38.41874542459709
3744000,16,570.0,29.949958263743873
4014012,49,794.0,27.568097504180443
3980025,36,946.0,28.19574435974337
3982020,64,2430.0,38.600518131237564
3904576,36,1102.0,33.436506994600975
3845521,36,1050.0,35.41186241925155
4008004,64,1172.0,33.03028912982749
3825936,25,968.0,43.56604182158393
3865156,25,360.0,31.432467291003423
3912123,49,968.0,42.43819034784589
3904576,25,968.0,30.59411708155671
4004001,64,1120.0,39.1279950930277
3998000,64,1120.0,29.765752132274432
3926070,25,1768.0,34.64101615137755
3888784,36,264.0,22.22611077089287
3990006,49,1290.0,32.51153641401772
4012009,49,956.0,37.48332962798263
3825936,16,284.0,35.05709628591621
4012009,49,1220.0,31.496031496047245
3898230,36,988.0,36.0416425818802
4026042,49,1944.0,37.44329045369811
4022030,49,914.0,38.781438859330635
3833764,36,301.0,37.97367509209505
3998000,49,1172.0,30.83828789021855
4022030,64,3129.0,32.89376840679705
4008004,49,1058.0,29.5296461204668
4018020,49,872.0,29.46183972531247
3740100,25,280.0,26.19160170741759
3853369,36,1056.0,36.4417343165772
3802500,25,276.0,31.432467291003423
3818116,36,240.0,29.223278392404914
4020025,36,1230.0,29.29163703175362
3757510,4,216.0,22.315913604421397
3912484,49,5256.0,37.68288736283355
3880900,36,280.0,21.97726097583591
3757650,16,880.0,27.49545416973504
4010006,64,2103.0,41.376321731154405
3908529,36,880.0,32.69556544854363
4026042,49,1150.0,36.53765181289022
4014012,64,1176.0,38.961519477556315
4028049,64,1224.0,30.331501776206203
3724500,16,264.0,29.427877939124322
3734250,25,416.0,31.080540535840107
3960100,49,1128.0,35.651086939951774
3934140,64,1076.0,44.721359549995796
3978030,64,968.0,39.89987468652001
4012009,49,800.0,27.459060435491963
3753750,16,210.0,28.460498941515414
4006002,64,1364.0,39.91240408695021
3744000,16,0.0,26.832815729997478
3857296,25,288.0,30.199337741083
4012009,64,800.0,38.157568056677825
3818510,49,216.0,35.66510900025401
3940225,64,1056.0,38.7556447501522
4020025,64,1054.0,32.77193921634788
3759600,25,225.0,32.28002478313795
3982020,36,862.0,27.80287754891569
3861930,9,371.0,26.70205984563738
3776220,49,1408.0,39.698866482558415
4016016,49,800.0,27.27636339397171
4028049,64,2604.0,38.49675310984031
3904576,36,880.0,28.35489375751565
3938000,25,1008.0,37.469987990390386
3857296,25,960.0,26.832815729997478
3978030,64,964.0,42.46174749112429
3805700,25,0.0,35.66510900025401
3984016,49,944.0,36.08323710533743
3794700,16,280.0,29.93325909419153
3836525,16,1160.0,29.068883707497267
3992004,64,2655.0,32.848135411313685
3988009,36,940.0,30.740852297878796
3814209,25,616.0,34.785054261852174
3894150,25,363.0,32.09361307176243
3913812,25,371.0,34.87119154832539
4022030,64,1926.0,33.66006535941367
3933720,49,1010.0,45.48626166217664
3841600,36,996.0,38.44476557348217
4014012,49,1232.0,28.39013913315678
3992004,49,1182.0,37.749172176353746
3784928,25,280.0,29.9833287011299
3743000,49,1152.0,29.120439557122072
3837681,36,312.0,34.55430508634199
4028049,64,2322.0,29.916550603303182
4016016,64,2748.0,41.44876355212541
3900625,36,1056.0,34.785054261852174
3888784,25,980.0,31.63858403911275
3898378,25,1500.0,32.449961479175904
3986012,49,1152.0,32.61901286060018
4020025,36,1050.0,32.7414110874898
3912484,36,1232.0,40.792156108742276
3996001,49,1022.0,36.565010597564445
3912484,64,968.0,35.014282800023196
3888784,16,253.0,23.366642891095847
3858330,36,240.0,29.13760456866693
3928308,36,968.0,40.87786687193939
3962090,49,924.0,32.57299494980466
3874180,25,240.0,25.92296279363144
3900625,25,956.0,40.26164427839479
4028049,64,2784.0,41.641325627314025
3729570,25,720.0,32.78719262151
3759600,36,2385.0,36.565010597564445
3837681,16,0.0,35.0
3845521,36,1008.0,36.90528417449187
3783000,25,240.0,27.49545416973504
4012009,49,968.0,36.90528417449187
3833764,25,315.0,29.563490998188964
3845521,25,0.0,42.42640687119285
3994002,64,2274.0,37.5632799419859
3992004,49,1196.0,40.755367744629666
3853692,25,1056.0,32.7414110874898
3825936,16,288.0,30.983866769659336
3990006,36,940.0,30.430248109405877
3747900,1,0.0,30.066592756745816
3840000,36,1056.0,26.153393661244042
3875805,9,0.0,27.0
4022030,36,920.0,36.90528417449187
3726450,25,0.0,32.0
3869089,16,1032.0,36.0
3968064,25,880.0,24.979991993593593
3798828,25,1152.0,30.59411708155671
4024036,81,2364.0,43.64630568559039
3744000,25,1440.0,33.61547262794322
4016016,49,968.0,28.827070610799147
3818116,16,800.0,29.899832775452108
3744000,16,0.0,33.18132004607411
3765234,16,0.0,29.478805945967352
3908529,25,1356.0,31.74901573277509
3822025,9,904.0,41.6293165929973
3869089,25,880.0,39.59797974644666
3982020,64,1998.0,45.31004303683677
3992004,36,984.0,30.463092423455635
3869089,25,312.0,29.393876913398138
3794700,36,240.0,29.866369046136157
3944096,64,1662.0,34.27827300200522
3771300,25,226.0,26.210684844162312
3829849,25,1102.0,36.701498607005135
3845521,25,1568.0,31.04834939252005
3944115,36,1238.0,39.26830783214372
3968064,36,800.0,34.161381705077446
3916441,49,956.0,39.03844259188627
3920400,25,1344.0,30.59411708155671
4028049,49,2376.0,35.805027579936315
3845472,16,1218.0,38.49675310984031
3957804,25,792.0,27.712812921102035
4034072,64,2694.0,38.31448812133603
3873024,25,744.0,32.31098884280702
3814209,25,312.0,32.18695387886216
3825730,25,330.0,26.076809620810597
3829849,36,916.0,37.30951621235526
3990006,49,1152.0,31.22498999199199
3990006,49,3136.0,36.66060555964672
3884841,25,974.0,38.52272056851645
4014012,49,1166.0,41.95235392680606
3998000,49,800.0,32.202484376209235
3940225,64,1128.0,41.737273509418415
3784950,25,240.0,31.11269837220809
3865156,25,968.0,32.95451410656816
3807092,25,180.0,28.42534080710379
4028049,64,2814.0,46.06517122512408
3755700,25,0.0,31.74901573277509
3884841,49,1250.0,41.182520563948
4030056,64,2508.0,32.4037034920393
3850704,25,1132.0,33.1058907144937
3806401,25,1152.0,29.597297173897484
4024036,49,1156.0,29.171904291629644
4026042,49,2133.0,40.76763422127902
4008004,36,780.0,31.78049716414141
3869089,25,1012.0,39.7994974842648
3794700,1,0.0,18.275666882497067
3747900,16,0.0,28.21347195933177
4008004,49,938.0,30.854497241083024
3888784,36,264.0,22.9128784747792
3869089,25,1152.0,40.39801975344831
3782400,49,1344.0,41.0731055558257
4028049,49,1124.0,28.6705423736629
3873024,36,1078.0,32.264531609803356
4014012,64,1104.0,32.7414110874898
4030056,49,1252.0,36.24913792078372
4012009,49,956.0,37.48332962798263
3851520,49,0.0,32.046840717924134
3829120,25,180.0,27.2213151776324
3874650,36,467.0,32.77193921634788
3920300,25,1152.0,37.70941526992961
3749850,36,312.0,34.64101615137755
3835280,49,1248.0,30.495901363953813
3944115,36,984.0,34.813790371058424
3829849,36,308.0,33.24154027718932
3888784,16,253.0,23.366642891095847
4020025,36,968.0,36.851051545376556
4008004,64,862.0,31.51190251317746
3992004,36,1092.0,29.698484809834994
3845521,25,0.0,42.42640687119285
3830750,36,216.0,34.058772731852805
3938168,16,980.0,40.24922359499622
3784950,25,200.0,24.819347291981714
3996001,49,880.0,27.51363298439521
4028049,25,1122.0,26.92582403567252
3845521,25,960.0,35.14256678161116
3905740,25,1152.0,36.40054944640259
4000000,64,2304.0,34.713109915419565
3986012,49,1066.0,36.138621999185304
3951855,25,288.0,24.0
3853369,25,1150.0,31.622776601683793
3920400,36,924.0,23.0
3931664,25,0.0,29.29163703175362
3990006,36,1044.0,36.565010597564445
3833764,16,872.0,28.948229652260256
4024036,36,854.0,36.41428291206625
4020025,49,960.0,22.80350850198276
4012009,36,840.0,29.120439557122072
3888784,25,336.0,28.21347195933177
3908529,25,1062.0,26.758176320519304
3834240,25,468.0,25.92296279363144
4018020,49,864.0,26.758176320519304
4020025,49,968.0,36.932370625238775
3861225,25,310.0,31.368774282716245
3837681,25,308.0,29.393876913398138
4024036,81,1112.0,40.149719799769464
3936256,36,1176.0,31.670175244226233
3802500,25,246.0,34.64101615137755
4022030,49,948.0,36.98648401781386
3802500,25,788.0,40.496913462633174
3990006,36,2163.0,42.871902220452036
3912484,36,880.0,29.24038303442689
3806630,36,216.0,26.153393661244042
3792750,36,220.0,28.24889378365107
3857454,16,240.0,28.21347195933177
3929964,25,1056.0,31.937438845342623
3705000,25,352.0,29.816103031751148
4020025,36,960.0,24.49489742783178
3796650,36,840.0,31.68595903550972
3841600,16,312.0,33.166247903554
3857296,36,860.0,38.57460304397182
3786900,25,240.0,30.903074280724887
3962090,49,1438.0,37.97367509209505
3869089,25,280.0,30.0
3853369,36,264.0,32.32645975048923
4008004,36,1086.0,37.66961640367472
3888720,25,1144.0,38.1051177665153
3924037,25,960.0,38.262252939417984
4026042,81,2274.0,41.78516483155236
3763500,25,960.0,30.463092423455635
4020025,49,1320.0,41.641325627314025
4026042,64,2724.0,44.45222154178574
4004001,49,1146.0,34.813790371058424
3873024,25,288.0,32.43454948045371
3849444,25,1152.0,32.51153641401772
3814209,36,305.0,32.68026927673638
3792750,49,252.0,34.56877203488721
3900625,25,280.0,30.397368307141328
3920400,36,924.0,23.68543856465402
3825936,16,0.0,29.698484809834994
4026042,49,932.0,36.76955262170047
3873024,25,300.0,30.789608636681304
3845521,25,440.0,29.393876913398138
3922380,49,450.0,29.664793948382652
3833764,25,350.0,35.7211421989835
3976036,49,1068.0,40.32369030731191
3800550,4,308.0,21.908902300206645
3900625,36,0.0,31.811947441173732
3936256,25,968.0,29.816103031751148
3908529,36,1084.0,33.421549934136806
4018020,64,2073.0,33.645207682521445
3959739,49,1102.0,48.63126566315131
3945720,25,1152.0,30.199337741083
4024036,64,1944.0,39.585350825778974
3822025,25,1144.0,36.87817782917155
4000000,36,880.0,27.730849247724095
3763500,25,0.0,27.92848008753788
4016016,49,246.0,32.7566787083184
3873024,25,336.0,34.044089061098404
3822025,16,352.0,32.2490309931942
3908529,25,308.0,29.899832775452108
4000000,49,1326.0,28.53068523537421
3880900,16,286.0,23.366642891095847
3896676,36,968.0,37.815340802378074
3912484,36,1232.0,32.2490309931942
4026042,49,2520.0,38.65229618017538
3853369,25,880.0,32.78719262151
3943835,25,294.0,31.496031496047245
3972049,64,2388.0,36.76955262170047
3853369,36,294.0,33.85262175962151
3997970,64,2133.0,41.060930335295616
4020025,49,2808.0,32.03123475609393
3880900,16,0.0,25.099800796022265
3896676,25,0.0,29.93325909419153
4020025,81,1112.0,39.56008088970496
4022030,64,2640.0,39.93745109543172
3982020,16,1256.0,40.98780306383839
3869089,36,960.0,32.2490309931942
3980025,64,2256.0,36.4417343165772
3986012,64,2799.0,36.53765181289022
3892729,36,264.0,21.97726097583591
3996001,36,1060.0,28.982753492378876
3814209,25,1272.0,33.94112549695428
4012009,49,1162.0,31.874754901018456
3968064,49,1128.0,32.57299494980466
4008004,49,3693.0,40.13726448077895
3959904,25,1056.0,37.907782842049734
3972049,49,946.0,33.03028912982749
4024036,49,2070.0,40.8656334834051
4026042,64,2682.0,46.26013402488151
3928035,25,1004.0,35.566838487557476
3880324,25,0.0,40.44749683231337
3724500,9,0.0,24.49489742783178
4004001,64,942.0,36.22154055254967
4000000,49,3280.0,34.17601498127012
4012009,49,866.0,29.103264421710495
3783000,36,1440.0,26.832815729997478
4032064,81,2781.0,41.7492514902962
3961908,25,308.0,32.03123475609393
3936247,81,2682.0,42.91852746774987
3910350,49,972.0,34.438350715445125
4024036,49,1264.0,34.75629439396553
4016016,49,1252.0,37.70941526992961
3806401,16,792.0,34.92849839314596
3908529,25,1080.0,33.555923471125034
3913956,25,1792.0,37.20215047547655
3904576,36,960.0,33.57082066318904
3853288,36,325.0,34.87119154832539
3910234,25,288.0,35.156791662493895
3996001,64,2568.0,35.608987629529715
3904512,36,1238.0,38.88444419044716
3984016,64,2361.0,35.156791662493895
3950156,25,0.0,34.64101615137755
4028049,49,1080.0,26.514147167125703
3734250,36,1440.0,33.734255586866
3955977,36,960.0,40.124805295477756
3944196,49,1024.0,38.742741255621034
3845521,16,261.0,32.07802986469088
3833764,25,288.0,36.76955262170047
3783000,25,758.0,32.7414110874898
4024036,100,2208.0,43.01162633521314
3849444,25,252.0,30.199337741083
3822025,16,0.0,33.94112549695428
3772800,49,288.0,27.018512172212592
3780528,25,326.0,32.7566787083184
3869089,25,1024.0,38.18376618407357
4024036,49,1132.0,38.54867053479276
3845521,25,384.0,30.066592756745816
3876961,25,275.0,29.393876913398138
4024036,64,1020.0,38.781438859330635
4010006,49,1020.0,28.705400188814647
4024036,64,1168.0,35.749125863438955
3992004,64,840.0,34.132096331752024
4000000,49,3280.0,34.17601498127012
4008004,49,806.0,26.589471600616662
3910324,36,309.0,36.08323710533743
4008004,64,1054.0,27.910571473905726
3884841,36,1888.0,34.92849839314596
3944196,36,1002.0,34.38022687534217
4012009,36,840.0,29.120439557122072
4030056,64,964.0,40.59556626036888
3956121,64,924.0,36.565010597564445
3783000,25,410.0,33.54101966249684
3829848,25,384.0,33.2264954516723
3912484,25,343.0,30.116440692751194
4000000,49,1064.0,27.964262908219126
3928099,36,1030.0,35.651086939951774
3783000,25,240.0,27.110883423451916
3916441,25,800.0,38.897300677553446
4022030,64,2532.0,38.704004960727254
3853369,25,1384.0,32.449961479175904
3818116,36,904.0,35.958309192730404
4032064,81,2688.0,44.94441010848846
3920076,49,882.0,43.58898943540674
3940225,36,952.0,31.25699921617557
4024036,64,1100.0,36.38681079732051
3788310,4,1560.0,28.844410203711913
3982020,49,804.0,35.397740040855716
4024036,81,2520.0,35.34119409414458
3869089,25,288.0,30.033314835362415
3956121,36,876.0,38.66522985836241
4028049,64,1188.0,39.7994974842648
4018020,49,0.0,32.863353450309965
3814209,16,280.0,40.58324777540605
4026042,49,1944.0,35.4682957019364
3835745,36,384.0,26.419689627245813
3873510,25,216.0,31.63858403911275
4026042,81,2196.0,46.05431575867782
3744000,36,207.0,32.31098884280702
4024036,64,2475.0,39.84971769034255
3929754,25,312.0,32.449961479175904
3745950,9,200.0,22.181073012818835
3876961,49,1012.0,43.02324952859791
3762975,36,308.0,27.459060435491963
3833764,36,264.0,33.734255586866
4012009,81,2658.0,49.51767361255979
3969816,25,968.0,32.2490309931942
3974042,36,880.0,27.622454633866266
3896676,36,1056.0,33.406586176980134
4024036,49,1980.0,29.647934160747187
3968064,36,924.0,32.48076353782343
3829849,25,292.0,34.292856398964496
3947728,25,416.0,29.866369046136157
3831460,25,280.0,31.96873472629156
3806401,25,1056.0,46.216880033165374
3992004,36,944.0,30.430248109405877
3734250,36,216.0,29.0
3935727,25,420.0,29.393876913398138
3900625,25,1152.0,32.802438933713454
3782800,25,308.0,27.910571473905726
4014012,49,956.0,28.89636655359978
3841500,25,308.0,27.712812921102035
3982020,36,746.0,28.39013913315678
3781050,36,240.0,29.563490998188964
3884841,36,1152.0,31.32091952673165
4001970,25,352.0,33.15116890850155
3991988,49,926.0,34.95711658589707
3896676,36,1056.0,32.03123475609393
4004001,81,1176.0,37.66961640367472
4038090,81,2460.0,48.620983124572874
3984016,25,1152.0,32.2490309931942
3968064,64,1012.0,35.77708763999664
4018020,64,2556.0,33.80828300875393
3876120,49,224.0,28.24889378365107
3865156,25,264.0,33.04542328371661
3825936,36,1242.0,34.46737587922817
3849444,49,1056.0,32.32645975048923
3865156,36,968.0,33.06055050963308
4016016,36,1040.0,28.24889378365107
3849444,16,924.0,34.9857113690718
3885552,49,1152.0,23.979157616563597
3753750,25,264.0,32.83291031876401
3825936,16,331.0,31.11269837220809
4018020,81,2214.0,38.23610858861032
3802500,9,800.0,32.2490309931942
3996001,49,1176.0,29.698484809834994
3832468,36,1344.0,37.72267222772003
3869650,36,270.0,28.513154858766505
4004001,64,1062.0,36.0416425818802
3825936,25,338.0,32.4037034920393
3974042,81,2877.0,43.965895873961216
3818116,16,248.0,30.789608636681304
3755700,25,1152.0,30.983866769659336
3888735,36,1192.0,38.27531841800928
3919724,36,1848.0,40.496913462633174
4020025,36,960.0,24.49489742783178
3826560,36,180.0,25.729360660537214
4026042,64,1004.0,39.54743986657038
4034072,81,2460.0,44.339598554790726
3849444,36,1152.0,40.13726448077895
3988009,36,1200.0,29.5296461204668
4018020,64,2586.0,42.8485705712571
4014012,64,2196.0,39.68626966596886
3880900,16,0.0,25.099800796022265
3894592,36,880.0,37.3496987939662
3763500,49,200.0,22.40535650240808
4018020,49,968.0,42.8485705712571
3841600,25,900.0,38.67815921162743
3939901,25,900.0,29.899832775452108
3912484,25,0.0,32.2490309931942
3844077,25,0.0,30.692018506445613
3909856,25,280.0,31.74901573277509
3822025,16,1056.0,29.393876913398138
4024036,64,944.0,38.52272056851645
3763500,36,160.0,28.106938645110393
3908529,25,1134.0,30.757112998459398
3837681,25,300.0,33.91164991562634
4030056,64,1456.0,39.774363602702685
3784950,16,234.0,25.92296279363144
3980025,64,2433.0,38.87158345115362
3792750,25,240.0,28.160255680657446
3900625,36,352.0,33.1058907144937
4028049,64,2358.0,30.95157508108432
3792750,25,288.0,32.37282811247729
3833764,36,1036.0,40.620192023179804
4028049,64,1968.0,30.789608636681304
4022030,36,800.0,27.712812921102035
3853333,36,928.0,41.48493702538308
3912484,36,880.0,28.35489375751565
3916441,36,264.0,30.298514815086232
4036081,81,2592.0,36.945906403822335
3998000,36,920.0,30.870698080866262
3818116,25,350.0,28.722813232690143
3880900,36,968.0,40.70626487409524
3784950,16,0.0,28.071337695236398
3970056,64,2664.0,38.98717737923585
3873024,25,280.0,29.393876913398138
4022030,49,1152.0,37.30951621235526
3929754,25,1152.0,35.874782229304195
4036081,49,968.0,38.44476557348217
4012009,49,786.0,26.419689627245813
3864480,25,240.0,28.35489375751565
3849444,25,264.0,29.597297173897484
4000000,49,1108.0,31.304951684997057
4030056,64,1050.0,40.59556626036888
3876961,36,1152.0,33.04542328371661
4016016,49,1236.0,30.919249667480614
3751800,36,280.0,32.12475680841802
3982020,36,840.0,26.076809620810597
3908529,25,1496.0,32.2490309931942
3781050,25,240.0,29.732137494637012
3984016,25,242.0,33.12099032335839
3747900,25,0.0,29.393876913398138
3900625,36,920.0,29.24038303442689
3771300,36,1056.0,28.5657137141714
3869089,25,288.0,30.675723300355934
4032064,64,964.0,40.64480286580315
3893646,49,252.0,34.46737587922817
3992004,49,792.0,27.40437921208944
3873024,25,384.0,31.74901573277509
4028049,36,880.0,24.657656011875904
3922108,36,1078.0,29.068883707497267
4014012,64,2190.0,33.24154027718932
3765450,49,240.0,35.014282800023196
4018020,49,1100.0,41.352146256270665
3822025,25,288.0,33.91164991562634
3884792,36,1080.0,33.57082066318904
3962090,36,1084.0,36.49657518178932
3857296,25,1008.0,36.02776706930364
4024036,64,2685.0,44.41846462902562
3892729,36,880.0,22.9128784747792
3994002,64,2223.0,32.18695387886216
3802500,25,357.0,35.185224171518364
4004001,49,1244.0,30.72458299147443
3847680,25,180.0,30.643106892089126
3823224,25,288.0,33.80828300875393
3932289,36,1152.0,36.578682316343766
3880900,16,926.0,29.393876913398138
3908529,49,1068.0,34.07345007480164
4028049,49,776.0,35.58089374931439
3838158,25,1242.0,31.464265445104548
3857296,25,0.0,30.199337741083
3906172,25,1056.0,37.30951621235526
3829849,25,968.0,42.708313008125245
4002000,49,1252.0,30.463092423455635
4018020,64,1050.0,40.570925550201586
3880900,16,0.0,23.366642891095847
3861225,25,1152.0,41.569219381653056
4008004,49,1088.0,39.66106403010388
3783000,49,800.0,35.21363372331802
3998000,64,964.0,36.61966684720111
3695250,16,185.0,28.722813232690143
3798600,16,960.0,28.142494558940577
3912484,64,968.0,35.014282800023196
4034072,81,3060.0,41.641325627314025
3811500,36,880.0,33.21144381083123
3841600,36,1244.0,34.336569426778794
3909576,25,0.0,26.419689627245813
4014012,49,2613.0,31.71750305430741
3849444,36,980.0,29.29163703175362
4016016,49,956.0,29.512709126747414
3957928,25,1004.0,34.322004603461025
3742050,49,288.0,28.600699292150182
3802500,16,528.0,29.393876913398138
3996001,49,944.0,39.84971769034255
4016016,64,2238.0,37.76241517699841
3950000,36,970.0,33.301651610693426
3899896,9,308.0,26.057628441590765
3968064,36,1056.0,28.861739379323623
4026042,49,1056.0,25.0
3956121,36,1012.0,36.235341863986875
4016016,49,776.0,39.344631145812
3812360,25,0.0,25.65151067676132
4024036,64,2784.0,40.8656334834051
3954132,49,908.0,34.351128074635334
3841600,25,312.0,29.899832775452108
3909750,36,271.0,33.34666400106613
4032064,81,2622.0,42.02380277890139
4028049,36,1144.0,27.712812921102035
4022030,49,1224.0,37.416573867739416
3861225,25,1098.0,28.722813232690143
3867489,16,216.0,31.11269837220809
4018020,49,1012.0,38.57460304397182
4028049,49,776.0,35.58089374931439
3848483,25,180.0,29.58039891549808
3940144,36,1024.0,33.075670817082454
3964032,49,880.0,40.26164427839479
4022030,49,2634.0,40.17461885320133
3920400,36,283.0,25.099800796022265
4020025,64,2634.0,32.218007387174026
3996001,49,980.0,31.701734968294716
3837681,25,288.0,34.39476704383968
3884841,36,264.0,22.9128784747792
4024036,81,2082.0,45.48626166217664
4028049,64,1980.0,40.74309757492672
3902000,25,1152.0,30.0
3920400,36,924.0,23.68543856465402
4028049,49,1156.0,29.563490998188964
4032064,64,2328.0,41.15823125451335
3744000,25,0.0,24.979991993593593
3744000,25,366.0,28.89636655359978
3968064,36,1002.0,32.848135411313685
3706950,25,240.0,30.54504869860253
3912084,36,297.0,34.85685011586675
3914156,36,288.0,30.199337741083
3859704,36,180.0,30.066592756745816
3850900,36,423.0,31.352830813181765
4016016,36,796.0,29.393876913398138
3970056,64,1034.0,33.24154027718932
4020025,49,800.0,36.193922141707716
3818116,16,280.0,30.789608636681304
4026042,64,1384.0,38.05259518088089
3900625,49,1152.0,39.153543900903784
4026042,64,952.0,39.56008088970496
3904576,25,1144.0,32.55764119219941
3978030,25,1344.0,31.464265445104548
4006002,64,2244.0,42.2729227756965
3802500,9,800.0,32.2490309931942
3818116,25,252.0,33.0
3744000,16,576.0,29.34280150224242
3846076,25,260.0,36.0
3984016,49,1054.0,41.47288270665544
3967943,49,968.0,26.92582403567252
3865156,25,264.0,32.2490309931942
4000000,81,2061.0,39.153543900903784
3899896,36,240.0,31.176914536239792
4020025,36,800.0,26.981475126464083
3825936,25,1152.0,41.569219381653056
3751800,25,392.0,30.805843601498726
3996001,49,1030.0,29.257477676655586
4020025,81,1128.0,39.71145930332956
3982020,49,800.0,28.35489375751565
3980025,36,846.0,27.94637722496424
3814209,9,4164.0,45.09988913511872
3781050,49,800.0,35.2845575287547
3984016,25,924.0,33.166247903554
3904576,25,1120.0,41.569219381653056
3988009,36,920.0,30.265491900843113
4026042,25,860.0,33.54101966249684
4016016,49,1060.0,37.296112397943034
4008004,49,870.0,29.393876913398138
4022030,36,780.0,26.981475126464083
3908529,36,880.0,26.419689627245813
4034072,100,3462.0,71.37926869897169
3880900,49,1060.0,41.012193308819754
3880900,49,1052.0,35.73513677041127
3904576,36,880.0,29.24038303442689
3916441,25,1440.0,33.37663853655727
3920400,36,288.0,25.019992006393608
4022030,25,900.0,33.015148038438355
3798600,25,280.0,31.654383582688826
3724500,25,0.0,28.21347195933177
3861225,25,922.0,34.84250278036869
3865156,25,386.0,30.903074280724887
4012009,36,1346.0,29.393876913398138
3850650,36,1672.0,42.8485705712571
3841600,36,926.0,39.50949253027682
3978030,36,686.0,26.49528259898354
3894052,49,820.0,28.30194339616981
4012009,49,1190.0,28.24889378365107
3890294,25,253.0,32.863353450309965
4004001,49,1128.0,31.0322412983658
3810304,25,308.0,33.88214869219483
3822025,25,300.0,29.5296461204668
3904576,36,1056.0,32.31098884280702
3853369,25,336.0,33.823069050575526
3992004,64,1184.0,32.95451410656816
3996001,81,2337.0,37.70941526992961
4012009,64,1896.0,31.74901573277509
3802500,36,1800.0,27.65863337187866
3962090,36,1084.0,37.389838191679836
3886812,25,1152.0,28.460498941515414
4020025,36,1248.0,36.138621999185304
3784950,25,720.0,28.337254630609507
3802500,25,308.0,30.166206257996713
3932264,36,1000.0,45.53020975132884
3767400,36,864.0,33.1058907144937
3890250,16,872.0,32.66496594212215
3811400,25,1152.0,26.076809620810597
3964081,16,864.0,41.09744517606904
3781050,36,240.0,24.657656011875904
3825936,36,313.0,32.0
3974042,64,1246.0,34.85685011586675
3924361,36,934.0,37.94733192202055
3989916,36,1080.0,40.98780306383839
4030056,25,0.0,33.04542328371661
3843404,25,1624.0,39.48417404479927
4018020,81,2310.0,44.49719092257398
3992004,64,2088.0,38.34057902536163
4028049,64,2553.0,36.61966684720111
3857296,16,2550.0,34.64101615137755
3798600,25,1344.0,39.331920878594275
4014012,64,2055.0,46.9041575982343
4008004,64,1068.0,42.36744032862972
3888460,25,996.0,36.013886210738214
3814209,25,270.0,36.318039594669756
3992004,49,1078.0,38.24918299781056
3763760,49,2610.0,40.92676385936225
4014012,25,1152.0,33.075670817082454
4008004,36,880.0,29.32575659723036
3916000,25,308.0,28.42534080710379
3869089,25,1056.0,30.708305065568176
4030056,49,856.0,35.298725189445584
3744000,16,1056.0,26.419689627245813
3929706,36,960.0,30.83828789021855
3956121,49,1138.0,40.54626986542659
3954132,49,2298.0,44.26059195266146
4000000,36,780.0,31.96873472629156
3949884,25,352.0,29.563490998188964
4024036,64,1974.0,41.048751503547585
3784950,16,0.0,26.324893162176366
3956121,64,1196.0,32.155870381627054
4022030,36,784.0,27.294688127912362
4018020,64,2568.0,41.38840417314975
3920400,49,1176.0,38.36665218650175
4020025,49,1378.0,33.36165463522455
3957838,16,297.0,22.93468988235943
3845521,36,736.0,39.698866482558415
3986012,49,934.0,32.63433774416144
3853113,16,209.0,34.19064199455752
4016016,49,968.0,36.851051545376556
3912484,49,1058.0,33.97057550292606
4026042,81,3330.0,48.35286961494633
3801875,25,3024.0,37.30951621235526
3869089,25,2376.0,39.7994974842648
3971880,36,880.0,37.080992435478315
3759600,49,216.0,29.614185789921695
3869089,25,1034.0,38.8587184554509
3990006,64,2610.0,37.5099986670221
3837660,36,1344.0,34.20526275297414
3922290,25,1152.0,29.46183972531247
3992004,49,924.0,30.903074280724887
3781050,25,205.0,32.817678162843876
3814209,25,240.0,27.80287754891569
3992004,49,972.0,34.56877203488721
3992004,64,3207.0,36.193922141707716
3806630,49,1064.0,33.704599092705436
4024036,64,2595.0,40.44749683231337
4018020,49,800.0,27.27636339397171
4020025,25,1050.0,32.7414110874898
3888784,16,0.0,25.099800796022265
3919916,36,1202.0,37.603191353926334
4018020,64,1272.0,41.15823125451335
4004001,49,1034.0,29.068883707497267
3920400,49,968.0,33.95585369269929
3904576,49,319.0,32.48076353782343
3957838,36,1084.0,32.48076353782343
3888663,25,264.0,33.823069050575526
4016016,64,2268.0,34.20526275297414
3884841,36,0.0,30.199337741083
4026042,25,800.0,26.68332812825267
3732300,25,180.0,29.866369046136157
3842910,36,1080.0,35.156791662493895
3849444,25,308.0,29.899832775452108
3751800,16,740.0,28.879058156387302
4008004,49,948.0,30.59411708155671
3954000,36,1058.0,40.024992192379
3800900,36,936.0,31.480152477394387
3837681,36,300.0,29.393876913398138
3974042,49,906.0,33.18132004607411
4030056,64,2598.0,41.352146256270665
3849444,25,352.0,30.199337741083
3996001,36,880.0,27.51363298439521
3751800,36,398.0,29.410882339705484
3892729,36,264.0,21.97726097583591
3880900,16,286.0,23.366642891095847
3904576,25,1056.0,40.98780306383839
3884841,16,1152.0,29.563490998188964
3792750,9,0.0,27.0
3837681,36,1056.0,35.38361202590826
4026042,64,2628.0,36.02776706930364
3972049,36,1320.0,35.77708763999664
4020025,36,1248.0,36.138621999185304
3966072,49,1012.0,38.44476557348217
3916185,25,300.0,30.199337741083
3784950,4,200.0,23.2379000772445
3990006,36,940.0,30.430248109405877
4020025,25,800.0,27.712812921102035
4000000,36,944.0,30.967725134404045
4020025,49,1144.0,28.0
3876961,36,1080.0,42.941821107167776
4020025,49,968.0,36.9729630946723
3916441,49,1100.0,32.2490309931942
4024036,64,2016.0,32.46536616149585
3838584,49,528.0,29.444863728670914
3841600,25,0.0,39.44616584663204
3941904,49,1016.0,46.4327470649756
4028049,81,2760.0,44.474711915874174
3705000,16,384.0,29.30870177950569
3957768,25,1000.0,32.83291031876401
3908529,36,946.0,35.84689665786984
3956121,64,1062.0,34.51086785347479
3988009,36,1152.0,38.65229618017538
3747900,16,252.0,34.351128074635334
4024036,64,2346.0,30.14962686336267
3896676,25,880.0,29.899832775452108
3861225,36,880.0,32.28002478313795
3880900,16,0.0,23.366642891095847
3814209,49,1334.0,36.11094017053558
4014012,81,2178.0,39.64845520319802
3747900,16,0.0,31.04834939252005
3781050,36,217.0,24.657656011875904
3980025,36,1050.0,27.459060435491963
4032064,64,2322.0,43.95452195167182
4028049,64,1040.0,41.569219381653056
3783000,16,1078.0,29.34280150224242
3759600,36,684.0,34.23448553724738
3825936,16,294.0,34.64101615137755
3996001,49,884.0,32.0624390837628
