Yr Built or Remod,Lot Size House Sqft,Overall Qual Sq,Garage Total
3961880,19991643,36,950.0
3986012,24386024,49,1118.0
3919671,8373554,25,246.0
4026042,14154088,25,800.0
3786700,20569575,36,968.0
3935932,31136896,36,1156.0
4022030,3939600,36,1050.0
3837681,14446080,25,1062.0
3810304,14583492,25,420.0
3876961,24140480,25,1008.0
3884841,1658160,36,264.0
4020025,9045504,49,1264.0
3773160,53222400,25,1152.0
3998000,4250515,64,960.0
4028049,13102347,49,1220.0
4018020,14463020,25,1248.0
3736200,6143424,25,1539.0
3853369,9882736,25,960.0
3908529,10533145,36,1056.0
4036081,13366080,49,1228.0
3873024,7799256,25,900.0
4000000,9396576,64,998.0
4022030,28989351,64,1150.0
3997944,9472260,36,840.0
3822025,36590400,25,1144.0
3845521,15362569,36,1060.0
3947685,7554300,25,336.0
3864315,22674600,25,240.0
3801370,16425750,25,0.0
3909694,7451136,25,1152.0
3924361,24230400,64,1084.0
3761550,17346895,64,800.0
3982020,14266206,64,962.0
3810304,10380600,36,820.0
4030056,18274366,64,2478.0
3833764,10278000,36,384.0
3908529,3930875,25,336.0
3908529,21668844,36,1092.0
3892729,11923200,49,1056.0
3976036,8343720,25,384.0
3861225,12480872,25,276.0
4024036,28837716,100,2550.0
3912484,10102110,25,1204.0
3818116,21809250,25,352.0
3861225,11648000,25,384.0
3773250,18111910,64,1572.0
3804360,17640792,25,1320.0
3862000,10814400,49,270.0
3818116,10544960,25,280.0
4014012,3980448,49,948.0
4000000,4568952,36,880.0
3759600,15459724,16,1152.0
3912484,46470528,49,1128.0
3880900,1611792,16,0.0
3806401,16017750,36,800.0
3876961,12660128,36,299.0
4018020,3052800,49,960.0
3859150,9255168,25,240.0
3814209,8259680,36,293.0
3984016,24602168,36,772.0
4011993,26704280,64,2013.0
4028049,23490000,64,1100.0
3955977,29751946,49,1380.0
3744000,12715920,25,225.0
3822025,12092500,25,350.0
4028049,9410240,25,0.0
3850350,4392000,49,216.0
4016016,5744004,49,760.0
4024036,24534230,81,2529.0
4020025,4537578,49,880.0
4038090,26367380,49,1144.0
3986012,48219360,49,2358.0
3837681,10638540,36,1078.0
4016016,4310098,49,760.0
4020025,14039808,49,2502.0
3763500,4831488,36,880.0
3751800,15285288,25,322.0
3757650,3288480,16,240.0
3841600,26378400,25,960.0
3855775,11668088,25,0.0
3724500,5631472,25,960.0
4034072,38922982,81,3498.0
3734250,17933640,25,2160.0
3953826,7776000,16,1152.0
3988009,5350500,36,784.0
4024036,10617418,81,1150.0
4012009,12099600,49,1110.0
3912000,12342400,25,252.0
3876961,12825600,25,1004.0
4016016,3858000,49,960.0
3876961,15845408,36,1032.0
3995992,30467640,49,1216.0
3976036,14027860,49,990.0
3916441,10772630,25,800.0
3857296,16257024,25,968.0
4026042,4054973,64,968.0
3841600,17425056,36,960.0
3825936,8001300,25,792.0
4020025,11415593,81,1112.0
3980025,27311794,64,2175.0
4016016,29015484,81,2010.0
3843840,5504290,16,0.0
3965832,27203880,64,1100.0
3705000,7485424,9,0.0
4006002,23941849,36,1120.0
3888784,15640230,25,1002.0
4000000,3663682,49,980.0
3736200,21521520,36,216.0
3829849,54743760,36,1100.0
4012009,4273128,49,948.0
3781050,9980548,25,800.0
3876880,17550324,25,286.0
3844560,9815520,25,720.0
3849444,11160000,36,880.0
3796650,5940000,4,0.0
3952044,18927216,36,958.0
3837681,26028830,25,1056.0
4000000,7805070,81,990.0
3841600,18125572,25,1252.0
3988009,27211464,36,940.0
3819860,13851372,25,0.0
3825936,10517500,25,304.0
3845521,9825660,25,1144.0
3757650,9210880,25,720.0
3796650,4494000,25,240.0
3908529,72339968,81,2592.0
4016016,12805184,64,806.0
3844680,19822880,49,1737.0
3990006,12562950,36,800.0
3869089,9936000,25,288.0
3908529,2668095,49,880.0
3889634,14601600,25,1440.0
3908529,3420144,36,880.0
3972049,18644274,64,946.0
3753750,4841856,25,0.0
3892729,1658160,36,264.0
3742500,6468840,25,0.0
4024036,7132860,64,1254.0
4024036,61230180,100,2274.0
3841208,20124000,36,0.0
3806401,16535232,16,800.0
4000000,16354962,36,862.0
3943620,7172880,25,260.0
3904092,11163300,25,366.0
4040100,18225554,64,2556.0
3765450,8530080,36,560.0
4012009,14032522,49,1344.0
3924361,17191980,36,1152.0
4000000,16257492,49,972.0
3734250,15880428,16,1144.0
3939864,11995200,25,1312.0
4022030,46048608,81,2148.0
3829849,12415200,36,884.0
3982020,22443750,49,1220.0
3886630,6871920,25,297.0
4020025,16198416,36,776.0
3948169,4456004,64,922.0
3857296,15723360,36,884.0
3880900,9478080,16,1152.0
3906172,12373596,25,447.0
3849426,35880024,25,1152.0
3952144,16637859,49,1238.0
3747900,6384000,25,0.0
4014012,3980448,49,948.0
3829849,5793600,25,308.0
3904576,2882304,25,336.0
3755700,6332700,49,288.0
3912484,3298449,36,880.0
3784950,11254320,16,280.0
3936256,8332400,25,1012.0
3818116,8771264,25,319.0
3744000,12177600,36,1152.0
4038090,11223870,49,1352.0
3874290,15585120,25,312.0
3912484,19019880,49,956.0
3778110,26946000,49,684.0
4010006,11862249,36,786.0
3849444,12684672,25,288.0
3974042,25490556,49,2949.0
3884841,1658160,36,264.0
4014012,9580066,16,880.0
3906172,9155052,36,1846.0
3900625,10890360,25,990.0
3810304,10690072,1,974.0
4012009,14423344,49,1086.0
4020025,9495000,49,906.0
3984000,30667216,64,1082.0
4028049,22334784,64,2262.0
3865156,30629400,49,974.0
4024036,32040288,64,1998.0
4022030,44832354,81,2010.0
3904576,34971552,64,1058.0
3908529,15386373,36,1428.0
3904576,14248000,49,958.0
3876961,30667662,25,3872.0
4022030,18515550,64,2262.0
4034072,10625600,49,2364.0
3734250,10465836,36,1056.0
4028049,13130208,49,800.0
4012009,32225024,100,2904.0
3880900,1520736,16,297.0
4032064,22083021,100,2436.0
3992004,25734150,49,1800.0
3784950,11732688,49,240.0
4028049,11230128,49,800.0
3833280,6489600,25,1248.0
3740100,58830080,36,2592.0
3884805,19339200,25,1056.0
4014012,4976172,49,840.0
3908529,12046320,36,1082.0
3880900,11285964,36,960.0
4028049,10760120,49,966.0
4034072,11477948,49,1058.0
3931889,8869440,25,300.0
3873024,12012624,25,336.0
4018020,4037958,64,860.0
3913760,7862406,25,230.0
3796200,5045760,16,280.0
3814209,18300800,36,1010.0
3779100,6014970,25,240.0
4022030,13269000,36,1128.0
3845521,11191950,25,368.0
3976036,35221196,64,1236.0
3871000,16902000,36,1128.0
3998000,11082500,49,800.0
4014012,13869300,25,1152.0
3996001,5508000,36,804.0
4024035,28039792,81,1968.0
3784950,8429455,25,1056.0
3853369,30280800,36,1316.0
4032064,14924838,81,3156.0
3954132,15391800,36,1200.0
3772550,16397350,49,1926.0
3940225,12810440,49,1056.0
4020025,11178442,49,800.0
3823820,14493600,25,0.0
3900369,36347304,36,1020.0
3873024,27846000,36,509.0
3857296,9009000,36,1008.0
3761550,13652070,49,902.0
3907904,17927424,25,1138.0
3810304,17633392,25,240.0
4022030,10319874,36,920.0
4030056,9135000,49,924.0
3749850,6536160,36,288.0
3916441,38317500,36,1152.0
3948169,9375702,49,1008.0
3908000,8496600,36,286.0
3829849,7793851,16,352.0
3781050,9351615,4,256.0
3980025,29834429,64,2253.0
3865156,11969100,25,1008.0
3777150,4423092,16,231.0
4006002,18288223,64,1340.0
4022030,11719392,49,1004.0
3850900,12631968,16,880.0
3818116,9368540,25,0.0
4002000,15552240,49,862.0
3743000,18034885,9,840.0
3798600,8496000,36,312.0
3814040,6987100,9,0.0
3889700,3628800,16,308.0
3873024,20855640,25,257.0
3814209,8853600,16,286.0
3783000,3773640,16,0.0
3968064,12618900,36,1058.0
3865156,9531000,25,286.0
3857296,14370495,16,880.0
4004001,13599450,49,1300.0
4020025,3816000,49,960.0
4012009,44253190,64,2385.0
3936256,10734871,25,990.0
4024036,22681568,36,858.0
3903900,6220800,25,1440.0
3954042,27030198,36,870.0
3825936,13700000,25,300.0
4008004,7357700,36,0.0
4022030,4948010,49,860.0
3920400,3034200,36,904.0
3888784,6791400,25,922.0
3744000,10189077,25,990.0
4030056,14817600,81,2832.0
3900625,3319680,36,880.0
4008004,14832100,49,986.0
3968064,13523250,49,784.0
3936256,16856150,36,1104.0
4032064,27359768,81,2340.0
3964081,17656650,25,1344.0
4020025,13150800,49,924.0
3990006,9488640,49,3136.0
3880900,19553072,25,2784.0
3825936,11206734,16,263.0
3920256,19568640,49,974.0
4016016,3753248,36,840.0
3900625,2405400,49,880.0
3986012,3727117,36,862.0
3861784,6134400,36,968.0
3892729,1576848,16,297.0
3907745,23758800,25,295.0
4016016,16092864,49,1144.0
3980025,13708296,64,954.0
3833764,17595000,25,356.0
3784950,18768000,49,234.0
3818116,9261168,16,312.0
3833764,18960843,36,312.0
3900625,8504325,25,880.0
3802500,7064400,16,294.0
3796650,9840000,36,1298.0
3738150,19756800,36,792.0
3936256,7907040,64,1130.0
4010006,26539960,64,2145.0
3884841,29502379,36,990.0
3744000,10283100,16,280.0
4026042,12593750,49,876.0
3849444,23189408,25,349.0
3880900,1674036,16,286.0
4020025,13416816,81,1152.0
4024036,30398116,81,2025.0
4028049,21461400,81,1404.0
3974042,21991970,49,2349.0
3784950,17078756,25,1320.0
4016016,14863941,49,866.0
4032064,12113280,49,1250.0
3936256,9266489,25,288.0
3873024,10089600,25,1008.0
3744000,7397490,36,216.0
3892729,15311376,25,1012.0
3904576,4721024,36,880.0
3970056,40969776,64,1092.0
3873024,7775040,25,1372.0
3825730,6702500,25,1104.0
3973952,22584120,36,954.0
4022030,34983810,100,4600.0
3820504,25368992,36,882.0
3822420,13654096,25,0.0
3996001,18035300,49,780.0
3866130,5622240,36,162.0
3872975,52654986,16,5424.0
4028049,22967960,64,2640.0
3944196,4021248,64,922.0
3837681,7862400,25,286.0
3838308,15909184,36,180.0
3884841,1658160,36,264.0
3833764,11368290,36,264.0
4016016,4310098,49,760.0
3970056,16219470,36,924.0
3931965,9836160,16,364.0
3900625,17809200,36,868.0
4026042,17924870,64,2685.0
3964081,13345150,25,1152.0
3783000,7176000,36,1152.0
3893946,3013120,16,220.0
3822025,10589940,25,305.0
3798600,25519374,36,330.0
3853369,9800784,36,860.0
4028049,21376632,81,2322.0
3795530,12925220,9,0.0
3874000,7056000,36,1248.0
3908045,11118583,25,288.0
3980025,22053381,64,2517.0
3884825,10421918,25,300.0
4022030,37657732,81,2442.0
3744000,4827480,9,250.0
3864000,6840000,25,281.0
4028049,18241860,64,2556.0
3810304,11800200,25,1440.0
3849444,6327360,25,288.0
3784950,7974008,25,240.0
3853369,9813600,25,1050.0
4038090,23621904,64,2040.0
3857296,15824200,36,882.0
3848960,22837500,49,240.0
3853369,7990150,25,968.0
4000000,14252810,49,800.0
3805700,15033600,64,288.0
3814209,12135300,25,800.0
3837681,9338472,25,796.0
3845521,11028600,25,902.0
3892729,30346173,49,1032.0
3832320,7999200,25,288.0
3833764,9360000,25,1248.0
3992004,18263472,36,920.0
3728400,12304080,36,0.0
3818116,6287760,36,280.0
3920400,17264640,36,1224.0
4020025,15036024,49,1152.0
3888784,6220800,25,297.0
4024036,21276720,49,2622.0
3922224,17786535,25,880.0
3904576,12747152,36,2664.0
3912484,16984860,36,1078.0
3938240,10610184,36,960.0
4022030,30828850,81,2010.0
3904576,8733823,36,1344.0
3675750,25968600,16,1120.0
3888784,1592640,36,264.0
3783000,5514919,36,231.0
3873024,13478400,36,824.0
4038090,30010572,81,2253.0
3841600,11755200,25,922.0
3916441,8590032,25,1056.0
3753750,9075101,36,300.0
3904576,9521100,25,308.0
4000000,3330041,36,880.0
4008004,30712500,64,2268.0
4000000,12767562,36,788.0
3884841,2046240,36,0.0
3818116,8322000,25,256.0
3744000,11194500,16,250.0
3839484,9325110,36,0.0
3697200,8293824,16,330.0
3904576,8811621,36,504.0
3792700,5368200,25,924.0
3783000,14741100,36,240.0
4030056,22559628,81,2304.0
3835260,29217096,49,996.0
3932289,8014270,25,968.0
4024036,13241215,36,880.0
3986012,19565608,25,808.0
3745950,9649920,36,228.0
3994002,12270000,36,880.0
4016016,15137376,36,1152.0
4026042,17539776,64,2610.0
3777150,12729600,25,240.0
3930000,13772000,36,299.0
3770580,19094400,49,640.0
3806401,12564000,25,0.0
3912484,14263344,36,968.0
3996001,36751552,49,1974.0
3972049,7213115,64,924.0
4016016,5625710,49,960.0
4008004,19239663,64,1154.0
3744000,3679200,4,246.0
3904576,12501366,25,1008.0
4012009,25375935,49,1192.0
3970056,11342972,49,840.0
3792750,8616200,36,440.0
3822025,6958080,16,0.0
3947728,23027065,36,1084.0
3816960,13338000,49,648.0
4026042,14133552,49,866.0
3918310,59238400,25,2484.0
3932289,5295840,25,264.0
3745950,10380960,49,312.0
3951888,11051088,49,968.0
3849444,7175000,25,0.0
3880900,16895914,36,1230.0
4000000,21671584,64,1008.0
3992004,21813750,49,1665.0
4020025,12742308,36,1080.0
3873024,7543200,25,326.0
4026042,14654020,64,960.0
3912484,8286476,36,1008.0
3912484,14381500,25,1056.0
4012009,2595240,49,992.0
3777150,11833600,36,198.0
3783000,21436560,25,880.0
3788105,16567200,25,0.0
3982020,8708624,64,1216.0
3779100,16890390,25,240.0
3822025,9377280,25,330.0
4028049,11708886,49,872.0
3753750,9524352,25,210.0
3992004,14664026,49,286.0
4032064,11144188,36,308.0
3992004,32494446,81,2418.0
3976036,14563102,36,942.0
3724500,19039680,16,1296.0
3893890,16840880,36,180.0
4014012,29334800,49,904.0
3906246,9345000,25,305.0
3927748,340896000,36,778.0
3786900,7461200,25,215.0
4028049,22768000,64,2670.0
3865790,13706550,16,231.0
4008004,25795800,64,2295.0
4018020,3818400,49,960.0
3884841,2620800,25,880.0
4012009,17146560,36,1084.0
4022030,19870056,49,1276.0
4024036,31459188,64,1448.0
3974042,14246400,36,948.0
3945762,25471835,36,888.0
3998000,23829750,64,1042.0
3920231,8911350,25,308.0
3923685,5954400,25,392.0
3829914,9349200,36,0.0
3857700,3997248,25,1008.0
4014012,21228032,81,2622.0
4006002,44768100,64,2238.0
3970056,15350148,36,778.0
3888784,11824172,16,1176.0
3976036,28420061,64,1382.0
3773250,7088094,36,180.0
3943872,9135360,36,1008.0
3706950,6895520,25,216.0
3849444,6048000,25,336.0
3775200,17176720,36,240.0
4032064,20099408,81,2502.0
3916441,10772630,25,800.0
3932000,14900160,36,968.0
3776220,7830000,9,320.0
4016016,14179680,49,880.0
3814209,5616000,16,1152.0
4012009,5753769,64,1890.0
3974042,12311927,36,760.0
4012009,15773535,49,1116.0
3876961,17065824,25,1796.0
3861225,7154784,25,360.0
4032064,40553924,81,2574.0
3846222,10353000,49,312.0
4016016,6209440,49,2004.0
3998000,13875978,49,1154.0
3838450,7265240,25,308.0
3904252,10858645,16,308.0
3952144,30206171,49,2358.0
3974042,19369162,49,1148.0
4026042,23042592,100,2796.0
3757650,13270680,36,316.0
3994002,9454743,100,1692.0
3809500,19849984,25,1248.0
3794700,22117536,16,336.0
3974042,19254000,49,1950.0
3781050,8472000,36,280.0
3976036,9659430,25,440.0
3806401,12453760,25,256.0
4020025,27609040,81,3255.0
3724500,10549620,16,1056.0
3892504,15667200,36,338.0
4032064,30945488,100,2526.0
3837681,18333828,25,0.0
4006002,8881488,64,942.0
3884841,16928529,36,1050.0
3784950,10659176,25,256.0
3853369,15724800,25,1008.0
3829849,5568000,25,288.0
4022030,16722220,49,1156.0
3833764,10221120,36,288.0
3992004,18501600,49,1092.0
3825730,8681850,36,255.0
4024036,9035320,49,1264.0
4004001,5944780,81,1090.0
3878060,13693630,25,0.0
3984000,30629070,49,1180.0
3705000,17330922,16,684.0
3869089,24926940,49,1156.0
3822025,12220800,25,336.0
3775200,8386560,25,240.0
3753750,8699454,25,288.0
3865156,9398400,16,384.0
3796650,10311680,25,336.0
3761550,6948000,36,208.0
4020025,13606686,64,968.0
3837681,9201150,25,308.0
3884841,7232368,16,1920.0
3744000,11135520,36,0.0
4020025,24486056,36,860.0
3865156,6474448,25,408.0
3859704,22709440,49,282.0
4016016,3760880,36,840.0
3892473,20115000,16,304.0
3833764,19320000,36,1050.0
3724500,20405520,25,0.0
3954132,20659740,36,1042.0
3994002,5428220,36,1022.0
3865156,10508300,36,980.0
3865156,15545640,25,1128.0
4016016,15612485,49,1064.0
3936240,21257600,49,978.0
3761550,7088640,16,336.0
3916441,15782850,36,972.0
3998000,3811445,64,984.0
3814209,36987960,25,1298.0
3830750,15753600,49,1092.0
3990006,22529070,25,964.0
4014012,3760880,36,840.0
3873510,4806240,36,432.0
3978030,11912323,25,1344.0
4000000,8805160,64,998.0
3873024,19055504,16,0.0
3822025,7885440,16,0.0
3724500,17641800,4,280.0
4030056,13996906,49,968.0
3992004,5472000,36,804.0
3829849,14840280,36,384.0
3998000,2704320,49,924.0
3970056,6771727,25,1396.0
3873024,8615892,25,288.0
3745950,17613000,49,960.0
4034072,14917500,64,1034.0
3829849,16216200,25,299.0
4026042,5304034,49,1138.0
3908529,12873100,36,1260.0
3894520,20841965,36,1144.0
4032064,14094000,64,1500.0
3938184,31514912,49,1040.0
3998000,8748371,81,1012.0
4020025,15926134,64,1108.0
4032064,12946296,64,2430.0
3829593,11306250,25,1881.0
4002000,15892500,49,902.0
4020025,12096720,49,898.0
3814209,21042000,25,375.0
3927924,11189640,25,1152.0
3956021,14071200,36,956.0
3865156,10560000,49,880.0
3960100,27573031,49,1028.0
4010006,14031360,49,1064.0
3919824,25562265,36,940.0
4024036,30742488,49,2841.0
3874860,7044245,16,1440.0
3865156,14160300,36,884.0
3740100,4856220,9,0.0
3972049,22274522,36,4068.0
3908529,9807480,25,1152.0
4028049,11560320,64,1196.0
3910164,179566740,25,1248.0
4028049,4426560,49,1080.0
3984016,19272344,64,1000.0
3755700,5065000,36,160.0
4018020,30062340,64,2796.0
4022030,27209754,81,2028.0
4026042,21399408,100,2358.0
4018020,36971312,100,2847.0
3798600,6510816,16,265.0
4036081,9575916,36,1352.0
3986012,20111000,49,2448.0
3994002,15384976,49,1054.0
3833764,12838960,36,976.0
3802500,21360180,25,282.0
4018020,24438744,49,1356.0
3978030,24134205,49,966.0
3912484,38305776,49,1100.0
3802500,12664320,25,240.0
3900625,1906080,49,308.0
3806401,50000000,1,270.0
3960100,9662256,36,0.0
4036081,16224242,81,1434.0
3800550,12552540,25,2613.0
3889634,30599640,49,862.0
4024036,4210668,49,874.0
4008004,25030450,49,984.0
3908529,17556750,25,1078.0
3805700,8463694,16,281.0
3724500,14496000,16,1440.0
4020025,31325448,64,2187.0
4016016,15333192,64,2535.0
4004001,12230586,49,1054.0
4012009,13433931,49,1256.0
3705000,16858800,36,357.0
3896676,11148787,25,862.0
3898650,13903890,25,836.0
3829826,2970320,25,352.0
3751800,10521600,36,0.0
3888784,8761200,25,1104.0
3884841,6531840,25,1152.0
3705000,17030400,16,2337.0
3908529,11045840,36,358.0
3802500,12019200,36,288.0
3837681,9104788,25,672.0
3842300,8496600,64,228.0
4006002,18924840,81,2175.0
3869089,7771152,25,336.0
3794700,10445495,25,0.0
3978030,20236664,64,2271.0
3916441,6352300,25,888.0
3837681,22449840,25,308.0
3834666,10453455,36,225.0
3962090,24697015,36,946.0
4028049,9682826,49,924.0
3899896,15662400,25,230.0
3845521,17041759,25,880.0
3976036,8687250,25,299.0
3996001,4194970,64,960.0
3980025,13432320,25,1152.0
3908129,26113600,25,319.0
4028049,15482880,64,1180.0
3892729,1576848,16,297.0
3833764,8558550,25,338.0
3714750,10476864,9,216.0
3865156,12694000,25,960.0
3818090,18317164,64,1632.0
4030056,30849452,100,3660.0
3775200,8335515,16,327.0
4000000,34178640,64,2430.0
4022030,27708720,81,2385.0
3757650,8596560,36,384.0
4020025,14915152,36,968.0
3873024,12903696,25,940.0
3802810,9429000,25,0.0
3843218,5748488,25,240.0
3976036,11905080,36,944.0
3736200,7974720,9,0.0
4030056,18852560,64,2490.0
3945942,210031776,49,1478.0
3951975,22326140,25,880.0
3903615,5617280,9,240.0
3896676,3051176,36,880.0
3839575,4565000,49,164.0
3960100,10777611,49,968.0
3763500,6115200,16,0.0
4012009,10990140,49,876.0
3904576,8100000,36,352.0
3846832,23655500,49,180.0
3724500,6073644,25,200.0
3812360,18213044,16,0.0
4028049,20378820,64,2454.0
3974042,18257694,64,942.0
3753750,5734848,16,0.0
3904576,17302803,36,956.0
3944196,20498816,36,1232.0
3837681,9993600,25,270.0
3833764,13260268,25,1152.0
3858660,10032000,36,240.0
3876961,11174400,49,1056.0
3833764,7651350,25,294.0
3912484,7964902,36,1008.0
3724500,6994323,36,228.0
3911700,12835200,25,264.0
3978030,32135232,64,1424.0
3972049,15217918,49,944.0
4024036,9086400,36,1144.0
4022030,15359600,36,0.0
3847419,4636800,36,280.0
3884841,2187360,25,280.0
4020025,4135052,64,1100.0
4024036,42425943,81,2493.0
4008004,22404585,64,2571.0
4012009,4555010,49,956.0
3904576,11904084,49,1170.0
3841600,11016000,25,351.0
3986012,16336068,36,844.0
3943796,10492032,25,271.0
3818116,11516400,25,275.0
3994002,23161524,49,1082.0
4028049,12376416,36,880.0
3744000,4197960,25,0.0
3818116,21623205,16,996.0
3820800,3048951,25,180.0
4024036,18374976,64,2478.0
3907800,16128000,36,300.0
4020025,8831086,36,0.0
4000000,11361494,36,940.0
3927795,14368816,25,1176.0
3876961,16228200,16,800.0
3798600,96496400,25,1144.0
3833764,12601680,25,968.0
3904576,23963040,49,1100.0
3904576,10750941,49,1192.0
3908529,14784100,25,308.0
3998000,13257625,36,870.0
3818116,21489000,25,1040.0
4004001,13591956,64,980.0
3952143,21325701,49,1156.0
3806401,14533840,25,960.0
3825936,16645095,36,960.0
4028049,13881780,81,1114.0
3841600,13682760,36,352.0
3849444,5702400,25,294.0
4020025,11937744,49,820.0
3962090,12105499,49,994.0
3896676,37917180,49,1100.0
4028049,19039592,64,1156.0
3984016,8085244,25,1152.0
3857296,18815000,36,960.0
3908529,49491800,25,1200.0
3811400,14874034,25,840.0
4012009,10230000,49,800.0
3781050,6805380,16,264.0
3941904,8890328,25,288.0
3946182,28337400,49,1152.0
3988009,16675882,36,1368.0
3800550,7488000,16,840.0
3763200,22560000,25,786.0
3873024,15292800,25,1060.0
3841600,10064439,25,308.0
3861225,12078375,25,1008.0
3855260,14592000,36,364.0
4030056,19558512,64,2316.0
4024036,13049640,81,2697.0
4030056,15669920,64,2400.0
3845521,15719886,16,270.0
3859704,8726400,36,216.0
3800550,12873600,16,0.0
3666000,21879000,36,205.0
3757650,7776000,36,1152.0
3924361,44391666,64,1352.0
3953790,1612884,36,0.0
4001958,32453540,49,946.0
3984016,15015000,49,1024.0
3825936,7893990,25,267.0
3950156,12960000,25,0.0
4024036,13087048,64,984.0
3994002,17035200,49,1166.0
3798600,8796018,16,390.0
3992004,17422238,49,854.0
3892729,2407860,36,264.0
3761550,7803510,9,1320.0
4012009,14345760,49,1146.0
4020025,17331704,49,1206.0
4028049,39317010,100,3522.0
4018020,14655258,49,866.0
3976036,9652500,25,1056.0
3912484,8096364,25,1128.0
3838080,8383110,36,1004.0
4000000,16033030,36,884.0
4022030,3939600,36,1050.0
3753750,5834400,16,200.0
4022030,18165500,49,2388.0
4032064,16012016,49,1980.0
3888784,18616000,36,968.0
3912484,11255220,36,1152.0
3984016,17872032,49,956.0
3837681,17938400,25,894.0
3732300,7126272,9,0.0
3914252,18065760,36,880.0
4000000,4532976,36,880.0
3851605,8853658,36,240.0
4000000,18995242,49,1166.0
3968064,9032724,36,1128.0
3903792,9870336,36,280.0
3744000,7419600,16,338.0
3824000,9758892,25,0.0
4012009,175439616,64,2523.0
4024036,8572500,49,0.0
4026042,21761796,81,1680.0
3880371,10000352,25,240.0
3861225,12646810,25,288.0
3734250,24744570,16,1056.0
3905740,13464000,25,1056.0
3880900,9239400,25,954.0
3736200,14956500,49,225.0
4024036,9770840,64,968.0
3926036,14766382,25,960.0
3784950,6469320,25,200.0
3972049,35225415,64,2112.0
4024036,16165968,49,880.0
3982020,13894542,64,1056.0
4024036,16645032,81,2100.0
4008004,21728210,64,2076.0
3841600,10410400,25,336.0
3917770,53298752,49,878.0
4032064,18865260,81,2610.0
3747900,10539522,9,210.0
4026042,8261500,64,1056.0
4018020,6272906,49,964.0
4022030,3756480,49,876.0
4018020,4276575,49,990.0
3853369,11361600,36,311.0
3869089,19124024,36,1070.0
3825936,8068200,16,283.0
4024027,12131560,49,1240.0
4022030,20272936,64,1240.0
3874000,8982000,36,672.0
3786900,7113088,25,215.0
3853526,12879040,25,864.0
3996001,15512835,49,1154.0
3825936,18356520,25,313.0
3818430,36991920,36,0.0
3833764,4665600,25,399.0
4000000,13877500,49,1082.0
3849444,9196320,25,1080.0
4024036,16063740,64,2577.0
4016016,12730500,49,1140.0
4008004,17496660,49,1182.0
3921918,33285000,49,1134.0
4032064,16921548,64,2178.0
4032064,21968022,81,1184.0
3941868,7012200,25,288.0
3825260,8203840,25,336.0
3850350,6741504,25,360.0
3912484,10193152,25,1182.0
4016016,4310098,49,760.0
3747900,2996352,25,100.0
3978028,8407246,36,429.0
3906280,13976249,36,401.0
3861225,9502320,25,288.0
3935727,12109878,49,1176.0
3908529,11103840,16,0.0
3994002,21653056,49,1068.0
4022030,24445908,64,1520.0
4024036,8557500,49,968.0
3859929,5226480,49,1152.0
3792750,11318832,36,378.0
4022030,20788722,81,1042.0
3828480,7779530,16,1352.0
3986012,31626912,49,812.0
3908529,20230110,49,1010.0
4018020,24141564,49,868.0
4032064,14310000,64,1352.0
4012009,15340500,49,868.0
3775200,7944000,16,240.0
3857296,14499375,36,1152.0
3705000,31783200,25,1120.0
3872240,11052176,25,1024.0
4024036,15273604,49,880.0
3845521,8050000,25,288.0
3972049,23545116,49,2034.0
3837681,10048000,25,311.0
4024036,20801592,64,3159.0
3751800,9396000,25,900.0
3822025,5433904,16,0.0
4024036,13140000,64,1348.0
4018020,29661050,81,2316.0
4016016,13671360,36,786.0
4026042,17772331,64,2364.0
3888784,1658160,36,288.0
4024036,17187120,49,2604.0
3902390,13756800,25,882.0
4012009,3760880,36,840.0
3957804,1658160,36,264.0
3975892,6421155,16,720.0
3863475,11244672,49,1344.0
3865075,82160020,36,968.0
4026042,20031550,64,2568.0
4028049,16340400,64,2430.0
4020025,14901716,81,1128.0
3912484,18822672,36,880.0
3772440,16484580,25,912.0
3749850,9472680,36,216.0
4016016,12405022,49,988.0
4008004,15057504,64,836.0
4028049,13700368,64,948.0
3802500,7716960,36,306.0
3802500,8885760,9,800.0
3753750,9256720,25,5920.0
3888784,11003040,16,1152.0
4000000,25135000,64,1944.0
3853369,8478030,25,264.0
4012009,3760880,36,840.0
3825936,10639296,25,286.0
3876961,9636120,16,288.0
3884760,9959929,25,1012.0
3837681,27186560,16,1360.0
4026042,28322540,100,2172.0
3976036,25563120,64,2532.0
3996001,20265860,49,1194.0
3807600,13593600,36,800.0
4000000,13513344,36,920.0
4030056,16620492,49,960.0
4022030,24654336,81,2775.0
3993990,27495594,36,1228.0
3742050,7371000,25,0.0
3734250,13870080,9,0.0
3888784,22139312,36,1166.0
3897948,11095975,25,240.0
3948169,17167340,49,1056.0
3983847,26281164,64,1224.0
3929754,15621784,36,312.0
3962090,32246064,49,2103.0
3904576,3475160,25,336.0
3719664,12379500,64,0.0
3944196,49187944,64,1382.0
4024036,16613265,49,1278.0
3802500,7488000,25,1250.0
3798600,4734000,25,250.0
4016016,4146804,49,1176.0
3873024,13633284,36,924.0
3998000,16790232,64,1980.0
3833764,6153600,16,0.0
4032064,360450454,100,2836.0
3880900,5563392,25,1248.0
3900264,11410848,36,353.0
4036081,3672000,36,1056.0
4026042,8250000,36,0.0
3800550,27012160,36,940.0
3908529,21637692,36,1056.0
3904576,12115200,36,920.0
3984016,17717887,49,1100.0
3912484,19554210,49,964.0
3794700,3330000,9,0.0
3940176,33839442,36,1044.0
3753750,22003737,25,1152.0
3825936,11105250,25,319.0
3744000,29148480,36,1040.0
3904576,3930875,25,336.0
4012009,20549442,64,2550.0
4024036,15510748,64,2613.0
4016016,8685000,36,0.0
4022030,25730284,64,2034.0
3814209,47439000,36,900.0
3749850,14284995,36,880.0
3880900,8767500,25,1804.0
4026042,12000588,36,864.0
3861225,19132416,25,1152.0
4028049,8722980,49,1324.0
4022030,31571826,100,2634.0
3996001,4751330,36,880.0
3942078,28231200,36,1248.0
4018020,27478638,64,1220.0
4028049,13084050,64,1830.0
3900625,10034964,25,880.0
3926330,20465536,49,1326.0
3869089,16740900,36,1100.0
4028049,8168496,49,1256.0
3869089,12229500,25,668.0
3781050,10147995,36,312.0
3873024,7681050,25,294.0
4022030,21278526,81,2046.0
3908529,11575920,36,317.0
3896315,19991836,25,303.0
3751800,8991211,25,880.0
3857296,11008800,36,461.0
4006002,15507116,49,1154.0
3960100,26897320,64,1500.0
3920400,7395076,36,264.0
3994002,39786152,64,1366.0
3857296,13340376,16,1590.0
3992004,6016500,36,810.0
3912475,28316547,25,1222.0
3751800,14531983,16,288.0
3873024,7901600,36,288.0
3829849,9007940,25,308.0
3908529,19592400,25,968.0
3968064,6489600,64,1012.0
3943940,7238880,25,368.0
3988009,9603360,49,3136.0
3786900,11205000,36,213.0
4024036,16278808,64,968.0
3779100,9681840,25,250.0
3960100,39875472,49,1782.0
3857296,15166064,36,944.0
3773250,8514000,25,260.0
3882408,19381540,9,0.0
4028049,14706300,49,880.0
4028049,15226520,49,960.0
3786700,18774880,25,1152.0
3806401,17597250,25,288.0
3978030,7989300,16,0.0
3861225,11463192,36,880.0
4000000,13626470,36,926.0
3900225,6793875,25,1440.0
3873024,18205200,36,882.0
3974042,23290917,36,1232.0
3873024,8923200,25,304.0
3770756,82803600,100,2520.0
4022030,10219944,64,990.0
3884841,9072000,16,0.0
4018020,9157500,49,800.0
3830400,8686330,36,216.0
4020025,3111312,49,960.0
3996001,5471136,49,1012.0
3787870,13498560,25,800.0
4016016,13374516,49,800.0
4022030,4785728,49,874.0
3988009,12278848,36,780.0
3861125,17211378,25,310.0
3853369,8225600,25,1248.0
3880900,9220800,25,2736.0
3916441,21336315,25,1158.0
3955832,6300000,16,1456.0
3835170,5112120,36,0.0
3896276,88516501,16,1058.0
3861225,8417500,25,429.0
3783000,12556800,25,256.0
3908088,19490625,25,323.0
4012009,34050645,64,2454.0
3896676,16128000,25,960.0
4028049,33739552,64,1950.0
4028049,5703315,49,1980.0
4036081,18367440,81,3414.0
4012009,11297650,49,1062.0
3771300,6976800,36,240.0
4020025,18772462,49,1064.0
3860325,9626760,16,240.0
3890204,15778800,16,384.0
3904576,26132480,36,1552.0
3974042,12569510,36,784.0
3832468,15523200,36,1248.0
4003997,17242500,36,964.0
4004001,19342675,49,868.0
3849444,10194795,25,300.0
4016016,6034262,64,1080.0
3781050,8720400,25,820.0
3822025,17435520,16,0.0
3923920,7938000,25,254.0
3846000,24121944,36,740.0
3753750,14229600,36,1152.0
3908000,5406000,16,281.0
3779100,8792160,36,1056.0
3841600,52611120,36,1056.0
4030056,29089368,100,2538.0
3913650,10684800,25,264.0
3832000,10563168,36,880.0
4028049,28115100,81,2118.0
3952144,19468800,49,1208.0
3818430,19672896,36,800.0
4020025,33857500,64,2049.0
3751800,4805920,25,0.0
3783000,3626100,4,308.0
3783000,57888270,49,349.0
3814209,15782400,36,836.0
4008004,14105182,49,1084.0
3775200,4588380,25,180.0
3890450,7060608,25,1144.0
3825936,10764000,36,297.0
3912484,10981600,36,880.0
3783000,13716840,16,296.0
3800000,13975200,16,0.0
4024036,10609440,49,2478.0
3849444,8990800,25,1248.0
3873024,13522080,25,2376.0
3802500,16097256,25,195.0
4018020,12465600,49,1212.0
3920400,4749524,64,968.0
3974042,9440844,36,804.0
3924037,16658590,49,276.0
3794604,7243632,16,288.0
4028049,17294712,49,2442.0
3810000,20649600,36,1344.0
4024036,16677400,49,1068.0
4022030,12319216,36,780.0
3827640,9998940,25,390.0
4010006,13777200,49,800.0
3865156,12864000,25,864.0
3952144,5588460,64,960.0
3813480,6698880,25,1152.0
4006002,30016200,100,2412.0
3914082,9129120,36,297.0
3912484,2430720,49,319.0
3755700,10271106,25,352.0
3974042,4767840,36,968.0
3952144,21403840,49,1056.0
3960100,13646016,49,1012.0
3904576,10284120,25,1152.0
3800550,8885760,9,800.0
4004001,19045694,49,1092.0
3933810,12910800,36,924.0
3884441,13638352,25,270.0
4024036,16700624,64,1552.0
3946026,13273260,36,968.0
3892729,9993244,36,1152.0
4024036,18673352,64,2598.0
3952144,17861594,49,992.0
3733573,33129000,49,1152.0
3876961,10944000,36,336.0
4028049,11478291,64,1134.0
3900625,9212000,36,0.0
4000000,3330041,36,880.0
4016016,25956875,36,2232.0
3992004,19871506,64,2210.0
3786000,37462500,100,1760.0
3920400,31571464,64,2592.0
3980025,25074000,49,2163.0
3951948,23022540,36,922.0
3745950,3696000,25,205.0
3992004,12308930,36,786.0
4014012,17356995,64,2640.0
3833764,9256800,25,275.0
4022030,15650368,49,2346.0
4006002,23287550,49,1210.0
3996001,4709340,36,880.0
3873024,32109552,36,1104.0
4016016,13162240,49,1040.0
3880900,6013440,16,1320.0
4020025,40307340,25,744.0
3979856,5385600,25,264.0
3792750,12851245,16,240.0
4032064,26806728,81,4044.0
3744000,9657459,25,338.0
4028049,22824482,64,2367.0
4008004,18125376,49,1152.0
4016016,15256230,25,1152.0
3861225,11040097,25,1030.0
4032064,37065262,100,2016.0
3936256,13699840,36,1032.0
3972049,13059360,36,3680.0
3802500,70352640,36,1476.0
4012009,11883375,49,786.0
3973910,5577000,25,264.0
4024036,40293490,100,1923.0
3849444,13093650,36,296.0
3869089,6377800,25,288.0
3841600,16326765,49,882.0
3859170,31879680,25,908.0
4028049,5728620,49,1980.0
3753750,8659416,36,384.0
3996001,13851890,49,900.0
3868248,5124624,25,273.0
4012009,15529500,36,1088.0
3800550,19375616,36,315.0
3833764,26208000,25,902.0
3853369,9039104,16,1040.0
3829849,12870900,16,2304.0
4024036,12242538,36,880.0
3964081,9255982,36,992.0
4024035,11229036,49,1016.0
4028049,16634961,49,2862.0
4032064,23733783,81,2655.0
3798600,5600010,49,249.0
3837681,9594000,25,308.0
3744000,5760000,16,308.0
3810304,9095328,25,1008.0
3913532,19352683,25,240.0
3948169,15703107,36,1102.0
3853369,13997340,36,364.0
3944196,22940840,36,1156.0
3904576,4823808,25,1056.0
3901950,27223170,36,1152.0
4010006,23679144,64,2424.0
3932289,9921960,36,968.0
3972049,26195400,49,1968.0
4024036,12424503,49,968.0
3976036,17189018,36,796.0
3772440,6387120,25,0.0
4022030,16560612,36,880.0
4024036,9367200,49,1144.0
3954126,42998592,49,1084.0
3869089,10709613,25,270.0
4022030,12426006,49,1344.0
3869089,13526760,49,954.0
3944196,10669505,49,312.0
3838710,7660800,49,912.0
3810304,5270400,25,240.0
4032064,13473304,64,2712.0
3900625,4321967,36,880.0
3900625,4392960,25,998.0
3853369,11223765,25,308.0
4002000,11399050,49,1078.0
3960100,17089142,49,1000.0
3792750,3442176,16,220.0
4034072,14615436,64,2520.0
3825936,11203164,25,308.0
4008004,4439318,49,796.0
3857296,20484480,36,960.0
3917958,14897760,49,990.0
3888784,2187360,25,264.0
4014012,38552800,81,2874.0
4028049,14395296,49,968.0
4032064,24696672,81,2508.0
3904576,20582720,49,966.0
3960100,6760878,64,968.0
4018020,6272906,64,1050.0
3932289,13639500,49,1196.0
3859929,7238000,25,968.0
3823820,13747200,25,720.0
3989994,18242686,49,998.0
4004001,21166344,64,1044.0
4036081,15487740,64,1104.0
3794604,13538844,36,800.0
4012009,16674456,49,868.0
4038090,11900842,49,1040.0
4026042,8374080,64,1100.0
3904576,44913204,64,1330.0
4008004,25833564,64,1932.0
3755700,6093480,36,180.0
3763500,8253492,49,280.0
3734250,12637740,9,2808.0
3880900,35172705,64,1242.0
3865156,43337690,36,864.0
4022030,3882040,49,794.0
3865640,13228800,49,720.0
3903676,10323000,16,308.0
3833764,13423956,25,264.0
4022030,22481908,64,2676.0
4022030,9197340,49,1048.0
3916441,15720320,25,1056.0
3978030,14142204,64,956.0
3829849,11457600,25,331.0
4000000,23790650,81,2208.0
3744000,14749440,16,570.0
4014012,11477736,49,794.0
3980025,18644562,36,946.0
3982020,42295572,64,2430.0
3904576,24453380,36,1102.0
3845521,12038400,36,1050.0
4008004,22608963,64,1172.0
3825936,49486554,25,968.0
3865156,7064200,25,360.0
3912123,28099202,49,968.0
3904576,19206720,25,968.0
4004001,31043592,64,1120.0
3998000,20621160,64,1120.0
3926070,11076000,25,1768.0
3888784,1946700,36,264.0
3990006,19068750,49,1290.0
4012009,4889400,49,956.0
3825936,21065060,16,284.0
4012009,16903068,49,1220.0
3898230,14776125,36,988.0
4026042,5498644,49,1944.0
4022030,4785728,49,914.0
3833764,14059500,36,301.0
3998000,23884854,49,1172.0
4022030,20651022,64,3129.0
4008004,16657934,49,1058.0
4018020,13013920,49,872.0
3740100,10310000,25,280.0
3853369,13001120,36,1056.0
3802500,7113600,25,276.0
3818116,9201600,36,240.0
4020025,13942500,36,1230.0
3757510,4027824,4,216.0
3912484,35531240,49,5256.0
3880900,1844703,36,280.0
3757650,6999804,16,880.0
4010006,28710240,64,2103.0
3908529,4321967,36,880.0
4026042,12015000,49,1150.0
4014012,19243686,64,1176.0
4028049,22876560,64,1224.0
3724500,15314880,16,264.0
3734250,17841600,25,416.0
3960100,48863566,49,1128.0
3934140,37477440,64,1076.0
3978030,18987784,64,968.0
4012009,16658300,49,800.0
3753750,13155168,16,210.0
4006002,7842339,64,1364.0
3744000,5672880,16,0.0
3857296,7113600,25,288.0
4012009,4653376,64,800.0
3818510,19300032,49,216.0
3940225,10243640,64,1056.0
4020025,27096192,64,1054.0
3759600,9834240,25,225.0
3982020,13264000,36,862.0
3861930,7422330,9,371.0
3776220,27583200,49,1408.0
4016016,18274200,49,800.0
4028049,24679512,64,2604.0
3904576,3572784,36,880.0
3938000,18789732,25,1008.0
3857296,13464000,25,960.0
3978030,17835276,64,964.0
3805700,19309400,25,0.0
3984016,21472017,49,944.0
3794700,5322240,16,280.0
3836525,13173804,16,1160.0
3992004,19088160,64,2655.0
3988009,16367832,36,940.0
3814209,11534930,25,616.0
3894150,9397960,25,363.0
3913812,20907072,25,371.0
4022030,31434530,64,1926.0
3933720,57207850,49,1010.0
3841600,26012800,36,996.0
4014012,12347288,49,1232.0
3992004,12376125,49,1182.0
3784928,8249280,25,280.0
3743000,9212028,49,1152.0
3837681,10459440,36,312.0
4028049,22848624,64,2322.0
4016016,38631964,64,2748.0
3900625,13406800,36,1056.0
3888784,17655519,25,980.0
3898378,9448569,25,1500.0
3986012,23353750,49,1152.0
4020025,3939600,36,1050.0
3912484,13952640,36,1232.0
3996001,7832146,49,1022.0
3912484,4756880,64,968.0
3888784,1642368,16,253.0
3858330,19900080,36,240.0
3928308,18260688,36,968.0
3962090,11435458,49,924.0
3874180,6854400,25,240.0
3900625,15193633,25,956.0
4028049,20955390,64,2784.0
3729570,17317800,25,720.0
3759600,40079550,36,2385.0
3837681,11417000,16,0.0
3845521,13888314,36,1008.0
3783000,9253440,25,240.0
4012009,23788932,49,968.0
3833764,17288256,25,315.0
3845521,14400000,25,0.0
3994002,28407164,64,2274.0
3992004,20159557,49,1196.0
3853692,33701184,25,1056.0
3825936,8568960,16,288.0
3990006,13958008,36,940.0
3747900,9058080,1,0.0
3840000,14775384,36,1056.0
3875805,3010770,9,0.0
4022030,8565618,36,920.0
3726450,16743100,25,0.0
3869089,13985136,16,1032.0
3968064,13422123,25,880.0
3798828,9312376,25,1152.0
4024036,22231350,81,2364.0
3744000,12204000,25,1440.0
4016016,19775280,49,968.0
3818116,8448300,16,800.0
3744000,12973527,16,0.0
3765234,5127100,16,0.0
3908529,9202032,25,1356.0
3822025,23707440,9,904.0
3869089,15052800,25,880.0
3982020,47663360,64,1998.0
3992004,15505000,36,984.0
3869089,6160320,25,312.0
3794700,15324650,36,240.0
3944096,24334545,64,1662.0
3771300,10875360,25,226.0
3829849,7819335,25,1102.0
3845521,7946252,25,1568.0
3944115,35115944,36,1238.0
3968064,10792416,36,800.0
3916441,30891480,49,956.0
3920400,6739200,25,1344.0
4028049,26865640,49,2376.0
3845472,23729784,16,1218.0
3957804,6485760,25,792.0
4034072,14110416,64,2694.0
3873024,10627920,25,744.0
3814209,7857024,25,312.0
3825730,6528000,25,330.0
3829849,16564800,36,916.0
3990006,14428050,49,1152.0
3990006,12015360,49,3136.0
3884841,18168612,25,974.0
4014012,22665280,49,1166.0
3998000,28932120,49,800.0
3940225,11432746,64,1128.0
3784950,13060992,25,240.0
3865156,14552400,25,968.0
3807092,17238960,25,180.0
4028049,30414626,64,2814.0
3755700,9132000,25,0.0
3884841,35095328,49,1250.0
4030056,22442400,64,2508.0
3850704,15832800,25,1132.0
3806401,6307200,25,1152.0
4024036,14905197,49,1156.0
4026042,17658750,49,2133.0
4008004,18290156,36,780.0
3869089,14124528,25,1012.0
3794700,1670000,1,0.0
3747900,2894256,16,0.0
4008004,13590000,49,938.0
3888784,1834560,36,264.0
3869089,40800000,25,1152.0
3782400,48889766,49,1344.0
4028049,13528125,49,1124.0
3873024,20393100,36,1078.0
4014012,16404480,64,1104.0
4030056,6571314,49,1252.0
4012009,4406080,49,956.0
3851520,5545800,49,0.0
3829120,8102880,25,180.0
3874650,12328446,36,467.0
3920300,13447854,25,1152.0
3749850,13608000,36,312.0
3835280,12168000,49,1248.0
3944115,10266852,36,984.0
3829849,11551670,36,308.0
3888784,1620528,16,253.0
4020025,9375632,36,968.0
4008004,27076428,64,862.0
3992004,17117676,36,1092.0
3845521,15323400,25,0.0
3830750,9922968,36,216.0
3938168,16185420,16,980.0
3784950,10092324,25,200.0
3996001,3422280,49,880.0
4028049,16532668,25,1122.0
3845521,10497500,25,960.0
3905740,23241825,25,1152.0
4000000,21323530,64,2304.0
3986012,31640000,49,1066.0
3951855,11644500,25,288.0
3853369,13050000,25,1150.0
3920400,1862190,36,924.0
3931664,6183606,25,0.0
3990006,14630791,36,1044.0
3833764,5693950,16,872.0
4024036,15461160,36,854.0
4020025,3816000,49,960.0
4012009,3760880,36,840.0
3888784,6120444,25,336.0
3908529,11865552,25,1062.0
3834240,14367360,25,468.0
4018020,11162440,49,864.0
4020025,9618928,49,968.0
3861225,9159072,25,310.0
3837681,7020000,25,308.0
4024036,12952420,81,1112.0
3936256,7960811,36,1176.0
3802500,11520000,25,246.0
4022030,9514440,49,948.0
3802500,35046800,25,788.0
3990006,18611588,36,2163.0
3912484,3441984,36,880.0
3806630,4924800,36,216.0
3792750,12997867,36,220.0
3857454,6273144,16,240.0
3929964,14431980,25,1056.0
3705000,7200000,25,352.0
4020025,3144384,36,960.0
3796650,8320000,36,840.0
3841600,13742300,16,312.0
3857296,15427584,36,860.0
3786900,9241080,25,240.0
3962090,14934794,49,1438.0
3869089,8837100,25,280.0
3853369,8293120,36,264.0
4008004,12448887,36,1086.0
3888720,16313220,25,1144.0
3924037,18865104,25,960.0
4026042,26001432,81,2274.0
3763500,9584640,25,960.0
4020025,20192430,49,1320.0
4026042,29594552,64,2724.0
4004001,11029200,49,1146.0
3873024,8836800,25,288.0
3849444,7842940,25,1152.0
3814209,15325725,36,305.0
3792750,12384900,49,252.0
3900625,7382760,25,280.0
3920400,1597700,36,924.0
3825936,4851000,16,0.0
4026042,4875312,49,932.0
3873024,8511144,25,300.0
3845521,7844256,25,440.0
3922380,2890000,49,450.0
3833764,12212596,25,350.0
3976036,16159188,49,1068.0
3800550,4320000,4,308.0
3900625,7934080,36,0.0
3936256,11019155,25,968.0
3908529,10765646,36,1084.0
4018020,32900936,64,2073.0
3959739,41616905,49,1102.0
3945720,8091264,25,1152.0
4024036,6239794,64,1944.0
3822025,9702240,25,1144.0
4000000,3228425,36,880.0
3763500,9786000,25,0.0
4016016,5901500,49,246.0
3873024,13389927,25,336.0
3822025,11011000,16,352.0
3908529,5618790,25,308.0
4000000,12555000,49,1326.0
3880900,2185092,16,286.0
3896676,27896440,36,968.0
3912484,7463040,36,1232.0
4026042,15914088,49,2520.0
3853369,12077625,25,880.0
3943835,10182880,25,294.0
3972049,36643320,64,2388.0
3853369,11670864,36,294.0
3997970,114049872,64,2133.0
4020025,20803750,49,2808.0
3880900,926100,16,0.0
3896676,16128000,25,0.0
4020025,9250715,81,1112.0
4022030,14334265,64,2640.0
3982020,30023280,16,1256.0
3869089,11960000,36,960.0
3980025,31022467,64,2256.0
3986012,22953672,64,2799.0
3892729,1658160,36,264.0
3996001,16616340,36,1060.0
3814209,10797696,25,1272.0
4012009,13188000,49,1162.0
3968064,19587678,49,1128.0
4008004,18790704,49,3693.0
3959904,15473616,25,1056.0
3972049,21849750,49,946.0
4024036,24814530,49,2070.0
4026042,22429340,64,2682.0
3928035,11827750,25,1004.0
3880324,55640580,25,0.0
3724500,5735400,9,0.0
4004001,8814016,64,942.0
4000000,33039885,49,3280.0
4012009,21478802,49,866.0
3783000,8505000,36,1440.0
4032064,18069681,81,2781.0
3961908,15636240,25,308.0
3936247,92599182,81,2682.0
3910350,27009600,49,972.0
4024036,8168496,49,1264.0
4016016,12087000,49,1252.0
3806401,10829940,16,792.0
3908529,17577986,25,1080.0
3913956,18407200,25,1792.0
3904576,7325500,36,960.0
3853288,17668875,36,325.0
3910234,8643348,25,288.0
3996001,22301950,64,2568.0
3904512,29270966,36,1238.0
3984016,33487740,64,2361.0
3950156,12960000,25,0.0
4028049,5016768,49,1080.0
3734250,22497600,36,1440.0
3955977,17070830,36,960.0
3944196,6130084,49,1024.0
3845521,8173347,16,261.0
3833764,9369360,25,288.0
3783000,7718400,25,758.0
4024036,43308296,100,2208.0
3849444,6520800,25,252.0
3822025,6925824,16,0.0
3772800,7757500,49,288.0
3780528,5794200,25,326.0
3869089,13902030,25,1024.0
4024036,11057326,49,1132.0
3845521,27319600,25,384.0
3876961,15594576,25,275.0
4024036,16447744,64,1020.0
4010006,21432504,49,1020.0
4024036,11041920,64,1168.0
3992004,27359670,64,840.0
4000000,22125993,49,3280.0
4008004,10958500,49,806.0
3910324,12173700,36,309.0
4008004,10997250,64,1054.0
3884841,15861220,36,1888.0
3944196,26969074,36,1002.0
4012009,3760880,36,840.0
4030056,6333264,64,964.0
3956121,7955150,64,924.0
3783000,21290800,25,410.0
3829848,11509200,25,384.0
3912484,14755983,25,343.0
4000000,14864696,49,1064.0
3928099,27456000,36,1030.0
3783000,10478556,25,240.0
3916441,10601591,25,800.0
4022030,17444210,64,2532.0
3853369,8687250,25,1384.0
3818116,14257911,36,904.0
4032064,24947000,81,2688.0
3920076,44737200,49,882.0
3940225,15944792,36,952.0
4024036,8261760,64,1100.0
3788310,8033792,4,1560.0
3982020,9867375,49,804.0
4024036,42208364,81,2520.0
3869089,5568046,25,288.0
3956121,19270550,36,876.0
4028049,16536960,64,1188.0
4018020,8100000,49,0.0
3814209,15699204,16,280.0
4026042,4933876,49,1944.0
3835745,12187080,36,384.0
3873510,6066060,25,216.0
4026042,30648450,81,2196.0
3744000,7992000,36,207.0
4024036,15880000,64,2475.0
3929754,10537371,25,312.0
3745950,3852360,9,200.0
3876961,21706677,49,1012.0
3762975,14478960,36,308.0
3833764,11928516,36,264.0
4012009,37451848,81,2658.0
3969816,9152000,25,968.0
3974042,16550000,36,880.0
3896676,11316240,36,1056.0
4024036,26182602,49,1980.0
3968064,20697210,36,924.0
3829849,10414656,25,292.0
3947728,6957600,25,416.0
3831460,7358400,25,280.0
3806401,22812480,25,1056.0
3992004,15294140,36,944.0
3734250,11295126,36,216.0
3935727,6998400,25,420.0
3900625,9916416,25,1152.0
3782800,8508500,25,308.0
4014012,21243162,49,956.0
3841500,7968000,25,308.0
3982020,16292208,36,746.0
3781050,8052000,36,240.0
3884841,10329930,36,1152.0
4001970,10467975,25,352.0
3991988,18736800,49,926.0
3896676,8628660,36,1056.0
4004001,6222315,81,1176.0
4038090,30540516,81,2460.0
3984016,12962560,25,1152.0
3968064,6406400,64,1012.0
4018020,23718543,64,2556.0
3876120,9061920,49,224.0
3865156,10728900,25,264.0
3825936,16839900,36,1242.0
3849444,7733000,49,1056.0
3865156,11736634,36,968.0
4016016,13720240,36,1040.0
3849444,12046608,16,924.0
3885552,8172000,49,1152.0
3753750,11027940,25,264.0
3825936,8349968,16,331.0
4018020,19646816,81,2214.0
3802500,8885760,9,800.0
3996001,16430410,49,1176.0
3832468,29448930,36,1344.0
3869650,4621092,36,270.0
4004001,22248720,64,1062.0
3825936,10080000,25,338.0
3974042,60347000,81,2877.0
3818116,9683820,16,248.0
3755700,11251800,25,1152.0
3888735,43911000,36,1192.0
3919724,24235920,36,1848.0
4020025,3816000,36,960.0
3826560,4062032,36,180.0
4026042,12978072,64,1004.0
4034072,42446520,81,2460.0
3849444,82336320,36,1152.0
3988009,23274482,36,1200.0
4018020,20860632,64,2586.0
4014012,17080875,64,2196.0
3880900,1219680,16,0.0
3894592,13615200,36,880.0
3763500,3975840,49,200.0
4018020,16707600,49,968.0
3841600,14361600,25,900.0
3939901,8729016,25,900.0
3912484,8767200,25,0.0
3844077,16561680,25,0.0
3909856,12880224,25,280.0
3822025,7060608,16,1056.0
4024036,13410908,64,944.0
3763500,4970680,36,160.0
3908529,23014600,25,1134.0
3837681,9136750,25,300.0
4030056,35850168,64,1456.0
3784950,6276480,16,234.0
3980025,17306994,64,2433.0
3792750,6724640,25,240.0
3900625,6910280,36,352.0
4028049,20388900,64,2358.0
3792750,17028940,25,288.0
3833764,82668300,36,1036.0
4028049,18581112,64,1968.0
4022030,15724032,36,800.0
3853333,16755656,36,928.0
3912484,3659472,36,880.0
3916441,7244856,36,264.0
4036081,33221500,81,2592.0
3998000,13039299,36,920.0
3818116,5940000,25,350.0
3880900,20140835,36,968.0
3784950,5867448,16,0.0
3970056,31156650,64,2664.0
3873024,6766848,25,280.0
4022030,47708636,49,1152.0
3929754,12651210,25,1152.0
4036081,6507634,49,968.0
4012009,10969508,49,786.0
3864480,5788800,25,240.0
3849444,13753080,25,264.0
4000000,19841520,49,1108.0
4030056,6333264,64,1050.0
3876961,23390400,36,1152.0
4016016,21135928,49,1236.0
3751800,7988712,36,280.0
3982020,11964330,36,840.0
3908529,9341280,25,1496.0
3781050,5410080,25,240.0
3984016,18167417,25,242.0
3747900,3507840,25,0.0
3900625,3360448,36,920.0
3771300,7338240,36,1056.0
3869089,8270449,25,288.0
4032064,9229724,64,964.0
3893646,21158280,49,252.0
3992004,12331586,49,792.0
3873024,12618144,25,384.0
4028049,15452324,36,880.0
3922108,18955200,36,1078.0
4014012,31828800,64,2190.0
3765450,14104044,49,240.0
4018020,20721780,49,1100.0
3822025,11040000,25,288.0
3884792,18781500,36,1080.0
3962090,9557100,36,1084.0
3857296,14537600,25,1008.0
4024036,28067898,64,2685.0
3892729,3013920,36,880.0
3994002,21171800,64,2223.0
3802500,8913600,25,357.0
4004001,22852800,49,1244.0
3847680,9259560,25,180.0
3823224,8127873,25,288.0
3932289,25763190,36,1152.0
3880900,7015680,16,926.0
3908529,23533488,49,1068.0
4028049,4028412,49,776.0
3838158,25599042,25,1242.0
3857296,7314240,25,0.0
3906172,15786672,25,1056.0
3829849,22683264,25,968.0
4002000,22226016,49,1252.0
4018020,6323932,64,1050.0
3880900,2114112,16,0.0
3861225,22638528,25,1152.0
4008004,15427984,49,1088.0
3783000,20199600,49,800.0
3998000,23101407,64,964.0
3695250,7186080,16,185.0
3798600,13207040,16,960.0
3912484,4751976,64,968.0
4034072,39200402,81,3060.0
3811500,6618000,36,880.0
3841600,9714960,36,1244.0
3909576,6564690,25,0.0
4014012,21738750,49,2613.0
3849444,15867852,36,980.0
4016016,19257936,49,956.0
3957928,12958000,25,1004.0
3742050,15376764,49,288.0
3802500,6220800,16,528.0
3996001,16299232,49,944.0
4016016,25293510,64,2238.0
3950000,19743750,36,970.0
3899896,7098000,9,308.0
3968064,13326190,36,1056.0
4026042,5313750,49,1056.0
3956121,31035552,36,1012.0
4016016,4755456,49,776.0
3812360,9957440,25,0.0
4024036,25414060,64,2784.0
3954132,29618568,49,908.0
3841600,7759920,25,312.0
3909750,16012800,36,271.0
4032064,20799948,81,2622.0
4028049,23651760,36,1144.0
4022030,15433600,49,1224.0
3861225,19195800,25,1098.0
3867489,10454400,16,216.0
4018020,7194480,49,1012.0
4028049,4696860,49,776.0
3848483,5355000,25,180.0
3940144,17808000,36,1024.0
3964032,22929045,49,880.0
4022030,16020564,49,2634.0
3920400,10143192,36,283.0
4020025,21483520,64,2634.0
3996001,21341046,49,980.0
3837681,9464000,25,288.0
3884841,1834560,36,264.0
4024036,36190599,81,2082.0
4028049,17637500,64,1980.0
3902000,6480000,25,1152.0
3920400,1981148,36,924.0
4028049,17974527,49,1156.0
4032064,17744650,64,2328.0
3744000,7458048,25,0.0
3744000,8871875,25,366.0
3968064,103717971,36,1002.0
3706950,6662640,25,240.0
3912084,15066000,36,297.0
3914156,6172416,36,288.0
3859704,5424000,36,180.0
3850900,21889000,36,423.0
4016016,11812095,36,796.0
3970056,25899924,64,1034.0
4020025,11484770,49,800.0
3818116,7764120,16,280.0
4026042,10860000,64,1384.0
3900625,108476613,49,1152.0
4026042,5921960,64,952.0
3904576,4477440,25,1144.0
3978030,9152550,25,1344.0
4006002,26413647,64,2244.0
3802500,8885760,9,800.0
3818116,8102160,25,252.0
3744000,6374844,16,576.0
3846076,6289488,25,260.0
3984016,18219960,49,1054.0
3967943,17881110,49,968.0
3865156,12144080,25,264.0
4000000,23892000,81,2061.0
3899896,7776000,36,240.0
4020025,11690224,36,800.0
3825936,23319360,25,1152.0
3751800,11890098,25,392.0
3996001,16216728,49,1030.0
4020025,12365257,81,1128.0
3982020,12573220,49,800.0
3980025,21791511,36,846.0
3814209,88479000,9,4164.0
3781050,12536160,49,800.0
3984016,14316500,25,924.0
3904576,16065216,25,1120.0
3988009,14036800,36,920.0
4026042,9603000,25,860.0
4016016,5956262,49,1060.0
4008004,17436300,49,870.0
4022030,14905072,36,780.0
3908529,11336700,36,880.0
4034072,200182550,100,3462.0
3880900,17492800,49,1060.0
3880900,13571956,49,1052.0
3904576,3319680,36,880.0
3916441,15636104,25,1440.0
3920400,13097354,36,288.0
4022030,7656160,25,900.0
3798600,11043760,25,280.0
3724500,6986492,25,0.0
3861225,11132380,25,922.0
3865156,7393610,25,386.0
4012009,15190848,36,1346.0
3850650,72705600,36,1672.0
3841600,20822179,36,926.0
3978030,12033125,36,686.0
3894052,17436813,49,820.0
4012009,11850640,49,1190.0
3890294,16428000,25,253.0
4004001,22283520,49,1128.0
3810304,7370160,25,308.0
3822025,22937138,25,300.0
3904576,6561540,36,1056.0
3853369,10529376,25,336.0
3992004,23109164,64,1184.0
3996001,38397626,81,2337.0
4012009,26921136,64,1896.0
3802500,9136512,36,1800.0
3962090,10030650,36,1084.0
3886812,8764200,25,1152.0
4020025,7027586,36,1248.0
3784950,4015000,25,720.0
3802500,12447190,25,308.0
3932264,27311775,36,1000.0
3767400,22448525,36,864.0
3890250,10243200,16,872.0
3811400,10566000,25,1152.0
3964081,16873110,16,864.0
3781050,6792000,36,240.0
3825936,10785792,36,313.0
3974042,26096544,64,1246.0
3924361,18066240,36,934.0
3989916,36447600,36,1080.0
4030056,10131576,25,0.0
3843404,12627900,25,1624.0
4018020,33139260,81,2310.0
3992004,24196000,64,2088.0
4028049,18239661,64,2553.0
3857296,16964400,16,2550.0
3798600,34247840,25,1344.0
4014012,33576400,64,2055.0
4008004,17486890,64,1068.0
3888460,11066004,25,996.0
3814209,14026246,25,270.0
3992004,21583639,49,1078.0
3763760,64222298,49,2610.0
4014012,13620300,25,1152.0
4008004,15387960,36,880.0
3916000,4181400,25,308.0
3869089,7919314,25,1056.0
4030056,4622660,49,856.0
3744000,8460000,16,1056.0
3929706,7617510,36,960.0
3956121,21043200,49,1138.0
3954132,21686130,49,2298.0
4000000,25108096,36,780.0
3949884,6076922,25,352.0
4024036,19923440,64,1974.0
3784950,2853774,16,0.0
3956121,4039838,64,1196.0
4022030,13287820,36,784.0
4018020,16429383,64,2568.0
3920400,20777280,49,1176.0
4020025,19069425,49,1378.0
3957838,1950312,16,297.0
3845521,18084600,36,736.0
3986012,44121117,49,934.0
3853113,14314850,16,209.0
4016016,11132884,49,968.0
3912484,27162500,49,1058.0
4026042,121515212,81,3330.0
3801875,58439040,25,3024.0
3869089,14167296,25,2376.0
3971880,22009843,36,880.0
3759600,9293284,49,216.0
3869089,14616800,25,1034.0
3990006,22609184,64,2610.0
3837660,15691104,36,1344.0
3922290,7312900,25,1152.0
3992004,14825088,49,924.0
3781050,7991340,25,205.0
3814209,5934321,25,240.0
3992004,30840030,49,972.0
3992004,40535250,64,3207.0
3806630,23044866,49,1064.0
4024036,22087636,64,2595.0
4018020,12962316,49,800.0
4020025,3939600,25,1050.0
3888784,1190700,16,0.0
3919916,15595006,36,1202.0
4018020,17082296,64,1272.0
4004001,16127670,49,1034.0
3920400,30600765,49,968.0
3904576,2405400,49,319.0
3957838,13411160,36,1084.0
3888663,11440000,25,264.0
4016016,24658568,64,2268.0
3884841,17145600,36,0.0
4026042,14134484,25,800.0
3732300,23427488,25,180.0
3842910,28938624,36,1080.0
3849444,5900400,25,308.0
3751800,14757600,16,740.0
4008004,24874656,49,948.0
3954000,26649270,36,1058.0
3800900,13856700,36,936.0
3837681,7862400,36,300.0
3974042,31176200,49,906.0
4030056,23753610,64,2598.0
3849444,11826816,25,352.0
3996001,3422280,36,880.0
3751800,9170000,36,398.0
3892729,1658160,36,264.0
3880900,2420964,16,286.0
3904576,19320000,25,1056.0
3884841,6292800,16,1152.0
3792750,9014814,9,0.0
3837681,13422692,36,1056.0
4026042,19618096,64,2628.0
3972049,26923545,36,1320.0
4020025,6689332,36,1248.0
3966072,14673584,49,1012.0
3916185,7105392,25,300.0
3784950,4403160,4,200.0
3990006,17385756,36,940.0
4020025,13893120,25,800.0
4000000,18133692,36,944.0
4020025,13532400,49,1144.0
3876961,30206564,36,1080.0
4020025,16819568,49,968.0
3916441,19982400,49,1100.0
4024036,25495408,64,2016.0
3838584,12421140,49,528.0
3841600,13244672,25,0.0
3941904,44803836,49,1016.0
4028049,24988074,81,2760.0
3705000,10262736,16,384.0
3957768,13514886,25,1000.0
3908529,12361700,36,946.0
3956121,4653237,64,1062.0
3988009,13798584,36,1152.0
3747900,13688000,16,252.0
4024036,19032385,64,2346.0
3896676,11934900,25,880.0
3861225,9586400,36,880.0
3880900,1632540,16,0.0
3814209,35661191,49,1334.0
4014012,36519584,81,2178.0
3747900,11662672,16,0.0
3781050,7392000,36,217.0
3980025,13600877,36,1050.0
4032064,24041808,64,2322.0
4028049,19783872,64,1040.0
3783000,10626462,16,1078.0
3759600,14458454,36,684.0
3825936,12480000,16,294.0
3996001,13530000,49,884.0
